<dynaments>
	<!-- Debugging -->
	<rde-dm:attribute mode="condition" attribute="request:rest.debug" op="eq" value="true" tag="debug">
		<rde-dm:attribute mode="read" attribute="request:rde-rd:path-info" />
	</rde-dm:attribute>

	<!-- Get Rest Path -->
	<rde-dm:attribute mode="write" attribute="request:rest.path" value="[#request:rde-rd:path-info#]" />

	<!-- Debugging  .substring(56) -->
	<rde-dm:attribute mode="condition" attribute="request:rest.debug" op="eq" value="true" tag="debug">
		<rde-dm:attribute mode="read" attribute="request:rest.path" />
	</rde-dm:attribute>
	
	
	<!-- Split Rest Path Into Parts -->
	<rde-dm:attribute mode="write" attribute="request:rest.path.parts" value="[#request:rest.path#]" value-separator="/" />
        <!-- Debugging 1 -->
	<rde-dm:attribute mode="condition" attribute="request:rest.debug" op="eq" value="true" tag="debug">
		<rde-dm:attribute mode="read" attribute="request:rest.path.parts" item-tag="part" />
	</rde-dm:attribute>
	<!-- remove parts 1-7 -->
        <rde-dm:attribute mode="remove" attribute="request:rest.path.parts" value="[#request:rest.path.parts[1]#];[#request:rest.path.parts[2]#];[#request:rest.path.parts[3]#];[#request:rest.path.parts[4]#]"  />
 
	<!-- check all needed parts -->
	<rde-dm:attribute mode="condition" attribute="request:rest.debug" op="eq" value="true" tag="debug">
		<rde-dm:attribute mode="read" attribute="request:rest.path.parts" item-tag="part" />
	</rde-dm:attribute>


</dynaments>