<?xml version="1.0" encoding="UTF-8"?>

<rde-idea:user model-version="4.0" version="4.0.1" xmlns:fo="http://www.w3.org/1999/XSL/Format" xmlns:rde="http://www.reddot.de/rde/ns" xmlns:rde-dm="http://www.reddot.de/rde/ns/dm" xmlns:rde-fdl="http://www.reddot.de/rde/ns/fdl" xmlns:rde-idea="http://www.reddot.de/rde/ns/idea" xmlns:rde-rd="http://www.reddot.de/2000/rde/rd" xmlns:rde-rdf="http://www.reddot.de/rde/ns/rdf" xmlns:rde-xmaps="http://www.reddot.de/rde/ns/xmaps" xmlns:rdf="http://www.w3.org/TR/REC-rdf-syntax/" xmlns:xsl="http://www.w3.org/1999/XSL/Transform" xmlns:xsl-template="http://www.reddot.de/rde/ns/template">
  <rde:User>
    <rde:login><![CDATA[dsauth]]></rde:login>
    <rde:passwordDigest><![CDATA[6f4349f4ccadefa22dbeda505c947d46baf240bc]]></rde:passwordDigest>
    <rde:directoryServiceLink><![CDATA[Internal Repository]]></rde:directoryServiceLink>
    <rde:cisFallbackAuthentication>true</rde:cisFallbackAuthentication>
    <rde:status>1</rde:status>
    <rde:authenticationStatus>3</rde:authenticationStatus>
    <rde:sessionTimeOut>60</rde:sessionTimeOut>
    <rde:sessionLockTimeOut>60</rde:sessionLockTimeOut>
    <rde:localeString><![CDATA[en]]></rde:localeString>
    <rde:name><![CDATA[dsauth]]></rde:name>
    <rde:cookieStatusFlag>128</rde:cookieStatusFlag>
    <rde:created>1306343897859</rde:created>
    <rde:lastPasswordChange>1306343914479</rde:lastPasswordChange>
    <rde:multiplicityType>-1</rde:multiplicityType>
    <rde:guiLocaleString><![CDATA[en|en]]></rde:guiLocaleString>
    <rde:firstName><![CDATA[dsauth]]></rde:firstName>
    <rde:lastName><![CDATA[dsauth]]></rde:lastName>
    <rde:email><![CDATA[]]></rde:email>
    <rde:groups>
      <rde:UserGroup>
        <rde:name><![CDATA[Administrators]]></rde:name>
        <rde:description><![CDATA[Members have all rights. | Mitglieder haben alle Rechte.]]></rde:description>
        <rde:path><![CDATA[Administrators]]></rde:path>
      </rde:UserGroup>
    </rde:groups>
    <rde:roles>
      <rde:Roles>
        <rde:roles>
          <rde:Role index="0">
            <rde:name><![CDATA[CISUser]]></rde:name>
            <rde:additionalParameter><![CDATA[]]></rde:additionalParameter>
            <rde:validFrom>1268143521625</rde:validFrom>
          </rde:Role>
          <rde:Role index="1">
            <rde:name><![CDATA[IdeaAdministrator]]></rde:name>
            <rde:additionalParameter><![CDATA[]]></rde:additionalParameter>
            <rde:validFrom>1268143521625</rde:validFrom>
          </rde:Role>
          <rde:Role index="2">
            <rde:name><![CDATA[XmapsAdministrator]]></rde:name>
            <rde:additionalParameter><![CDATA[]]></rde:additionalParameter>
            <rde:validFrom>1268143521625</rde:validFrom>
          </rde:Role>
          <rde:Role index="3">
            <rde:name><![CDATA[WebServiceUser]]></rde:name>
            <rde:additionalParameter><![CDATA[]]></rde:additionalParameter>
            <rde:validFrom>1268143521625</rde:validFrom>
          </rde:Role>
        </rde:roles>
      </rde:Roles>
    </rde:roles>
    <rde:attributes>
      <rde:Attributes>
        <rde:attributes>
          <rde:FAttrOwner>
            <rde:languageTag><![CDATA[]]></rde:languageTag>
            <rde:attributes>
              <rde:entry>
                <rde:key><![CDATA[]]></rde:key>
                <rde:Attribute>
                  <rde:name><![CDATA[]]></rde:name>
                  <rde:childs>
                    <rde:Attribute>
                      <rde:name><![CDATA[rde-userguid]]></rde:name>
                      <rde:cookieName><![CDATA[rde-userguid]]></rde:cookieName>
                      <rde:readonly>true</rde:readonly>
                      <rde:childs is-null="true" />
                      <rde:values>
                        <rde:AttributeValue index="0">
                          <rde:stringValue><![CDATA[userimpl-5d64caf-1302829fa4c-9794e5cb14c696a0]]></rde:stringValue>
                        </rde:AttributeValue>
                      </rde:values>
                    </rde:Attribute>
                    <rde:Attribute>
                      <rde:name><![CDATA[profile]]></rde:name>
                      <rde:cookieName><![CDATA[]]></rde:cookieName>
                      <rde:childs>
                        <rde:Attribute>
                          <rde:name><![CDATA[level]]></rde:name>
                          <rde:cookieName><![CDATA[]]></rde:cookieName>
                          <rde:childs is-null="true" />
                          <rde:values>
                            <rde:AttributeValue index="0">
                              <rde:stringValue><![CDATA[6]]></rde:stringValue>
                              <rde:longValue>6</rde:longValue>
                            </rde:AttributeValue>
                          </rde:values>
                        </rde:Attribute>
                        <rde:Attribute>
                          <rde:name><![CDATA[favorite]]></rde:name>
                          <rde:cookieName><![CDATA[]]></rde:cookieName>
                          <rde:childs is-null="true" />
                          <rde:values>
                            <rde:AttributeValue index="0">
                              <rde:stringValue><![CDATA[]]></rde:stringValue>
                            </rde:AttributeValue>
                          </rde:values>
                        </rde:Attribute>
                        <rde:Attribute>
                          <rde:name><![CDATA[category]]></rde:name>
                          <rde:cookieName><![CDATA[]]></rde:cookieName>
                          <rde:childs is-null="true" />
                          <rde:values>
                            <rde:AttributeValue index="0">
                              <rde:stringValue><![CDATA[3]]></rde:stringValue>
                              <rde:longValue>3</rde:longValue>
                            </rde:AttributeValue>
                          </rde:values>
                        </rde:Attribute>
                      </rde:childs>
                    </rde:Attribute>
                    <rde:Attribute>
                      <rde:name><![CDATA[address]]></rde:name>
                      <rde:cookieName><![CDATA[]]></rde:cookieName>
                      <rde:childs>
                        <rde:Attribute>
                          <rde:name><![CDATA[name]]></rde:name>
                          <rde:cookieName><![CDATA[]]></rde:cookieName>
                          <rde:childs is-null="true" />
                          <rde:values>
                            <rde:AttributeValue index="0">
                              <rde:stringValue><![CDATA[En User]]></rde:stringValue>
                            </rde:AttributeValue>
                          </rde:values>
                        </rde:Attribute>
                        <rde:Attribute>
                          <rde:name><![CDATA[street]]></rde:name>
                          <rde:cookieName><![CDATA[]]></rde:cookieName>
                          <rde:childs is-null="true" />
                          <rde:values>
                            <rde:AttributeValue index="0">
                              <rde:stringValue><![CDATA[En Str. 3]]></rde:stringValue>
                            </rde:AttributeValue>
                          </rde:values>
                        </rde:Attribute>
                        <rde:Attribute>
                          <rde:name><![CDATA[city]]></rde:name>
                          <rde:cookieName><![CDATA[]]></rde:cookieName>
                          <rde:childs is-null="true" />
                          <rde:values>
                            <rde:AttributeValue index="0">
                              <rde:stringValue><![CDATA[En-City]]></rde:stringValue>
                            </rde:AttributeValue>
                          </rde:values>
                        </rde:Attribute>
                      </rde:childs>
                    </rde:Attribute>
                    <rde:Attribute>
                      <rde:name><![CDATA[reddot]]></rde:name>
                      <rde:cookieName><![CDATA[]]></rde:cookieName>
                      <rde:childs>
                        <rde:Attribute>
                          <rde:name><![CDATA[lrupanel]]></rde:name>
                          <rde:cookieName><![CDATA[]]></rde:cookieName>
                          <rde:childs>
                            <rde:Attribute>
                              <rde:name><![CDATA[content]]></rde:name>
                              <rde:cookieName><![CDATA[]]></rde:cookieName>
                              <rde:childs>
                                <rde:Attribute>
                                  <rde:name><![CDATA[XWM0003F]]></rde:name>
                                  <rde:cookieName><![CDATA[]]></rde:cookieName>
                                  <rde:childs is-null="true" />
                                  <rde:values>
                                    <rde:AttributeValue index="0">
                                      <rde:stringValue><![CDATA[1]]></rde:stringValue>
                                      <rde:longValue>1</rde:longValue>
                                    </rde:AttributeValue>
                                  </rde:values>
                                </rde:Attribute>
                              </rde:childs>
                            </rde:Attribute>
                          </rde:childs>
                        </rde:Attribute>
                        <rde:Attribute>
                          <rde:name><![CDATA[lru]]></rde:name>
                          <rde:cookieName><![CDATA[]]></rde:cookieName>
                          <rde:childs>
                            <rde:Attribute>
                              <rde:name><![CDATA[reddot]]></rde:name>
                              <rde:childs>
                                <rde:Attribute>
                                  <rde:name><![CDATA[0]]></rde:name>
                                  <rde:childs is-null="true" />
                                  <rde:values>
                                    <rde:AttributeValue index="0">
                                      <rde:stringValue><![CDATA[/getTweetExchangeContent.xml/xchg/solex_development/default.xsl/getTweetExchangeContent.xml]]></rde:stringValue>
                                    </rde:AttributeValue>
                                  </rde:values>
                                </rde:Attribute>
                                <rde:Attribute>
                                  <rde:name><![CDATA[1]]></rde:name>
                                  <rde:childs is-null="true" />
                                  <rde:values>
                                    <rde:AttributeValue index="0">
                                      <rde:stringValue><![CDATA[/forum.htm/xchg/solex_development/default.xsl/forum.htm]]></rde:stringValue>
                                    </rde:AttributeValue>
                                  </rde:values>
                                </rde:Attribute>
                              </rde:childs>
                            </rde:Attribute>
                            <rde:Attribute>
                              <rde:name><![CDATA[preview]]></rde:name>
                              <rde:cookieName><![CDATA[]]></rde:cookieName>
                              <rde:childs>
                                <rde:Attribute>
                                  <rde:name><![CDATA[solex_development]]></rde:name>
                                  <rde:cookieName><![CDATA[]]></rde:cookieName>
                                  <rde:childs>
                                    <rde:Attribute>
                                      <rde:name><![CDATA[0]]></rde:name>
                                      <rde:cookieName><![CDATA[]]></rde:cookieName>
                                      <rde:childs is-null="true" />
                                      <rde:values>
                                        <rde:AttributeValue index="0">
                                          <rde:stringValue><![CDATA[SID-788FE4F6-0D51E412~~~anonymous~~~/cps/rde/xchg/SID-788FE4F6-0D51E412/solex_development]]></rde:stringValue>
                                        </rde:AttributeValue>
                                      </rde:values>
                                    </rde:Attribute>
                                    <rde:Attribute>
                                      <rde:name><![CDATA[1]]></rde:name>
                                      <rde:childs is-null="true" />
                                      <rde:values>
                                        <rde:AttributeValue index="0">
                                          <rde:stringValue><![CDATA[SID-A2470162-8FF78604~~~anonymous~~~/cps/rde/xchg/solex_development/default.xsl/vcsGetTagCloud.xml?format=json]]></rde:stringValue>
                                        </rde:AttributeValue>
                                      </rde:values>
                                    </rde:Attribute>
                                    <rde:Attribute>
                                      <rde:name><![CDATA[2]]></rde:name>
                                      <rde:childs is-null="true" />
                                      <rde:values>
                                        <rde:AttributeValue index="0">
                                          <rde:stringValue><![CDATA[SID-A2470162-8FF78604~~~anonymous~~~/cps/rde/xchg/SID-A2470162-8FF78604/solex_development/default.xsl/getTweetExchangeContent.xml]]></rde:stringValue>
                                        </rde:AttributeValue>
                                      </rde:values>
                                    </rde:Attribute>
                                    <rde:Attribute>
                                      <rde:name><![CDATA[3]]></rde:name>
                                      <rde:childs is-null="true" />
                                      <rde:values>
                                        <rde:AttributeValue index="0">
                                          <rde:stringValue><![CDATA[SID-A2470162-8FF78604~~~anonymous~~~/cps/rde/xchg/SID-A2470162-8FF78604/solex_development/default.xsl/forum.htm]]></rde:stringValue>
                                        </rde:AttributeValue>
                                      </rde:values>
                                    </rde:Attribute>
                                    <rde:Attribute>
                                      <rde:name><![CDATA[4]]></rde:name>
                                      <rde:childs is-null="true" />
                                      <rde:values>
                                        <rde:AttributeValue index="0">
                                          <rde:stringValue><![CDATA[SID-A2470162-8FF78604~~~anonymous~~~/cps/rde/xchg/SID-A2470162-8FF78604/solex_development]]></rde:stringValue>
                                        </rde:AttributeValue>
                                      </rde:values>
                                    </rde:Attribute>
                                  </rde:childs>
                                </rde:Attribute>
                                <rde:Attribute>
                                  <rde:name><![CDATA[solex_devrelease]]></rde:name>
                                  <rde:cookieName><![CDATA[]]></rde:cookieName>
                                  <rde:childs>
                                    <rde:Attribute>
                                      <rde:name><![CDATA[0]]></rde:name>
                                      <rde:cookieName><![CDATA[]]></rde:cookieName>
                                      <rde:childs is-null="true" />
                                      <rde:values>
                                        <rde:AttributeValue index="0">
                                          <rde:stringValue><![CDATA[SID-028A140D-4617E6EE~~~anonymous~~~/cps/rde/xchg/SID-028A140D-4617E6EE/solex_devrelease]]></rde:stringValue>
                                        </rde:AttributeValue>
                                      </rde:values>
                                    </rde:Attribute>
                                  </rde:childs>
                                </rde:Attribute>
                              </rde:childs>
                            </rde:Attribute>
                            <rde:Attribute>
                              <rde:name><![CDATA[content]]></rde:name>
                              <rde:cookieName><![CDATA[]]></rde:cookieName>
                              <rde:childs>
                                <rde:Attribute>
                                  <rde:name><![CDATA[0]]></rde:name>
                                  <rde:cookieName><![CDATA[]]></rde:cookieName>
                                  <rde:childs is-null="true" />
                                  <rde:values>
                                    <rde:AttributeValue index="0">
                                      <rde:stringValue><![CDATA[vcsGetBestRated.xml~solex_production]]></rde:stringValue>
                                    </rde:AttributeValue>
                                  </rde:values>
                                </rde:Attribute>
                                <rde:Attribute>
                                  <rde:name><![CDATA[1]]></rde:name>
                                  <rde:cookieName><![CDATA[]]></rde:cookieName>
                                  <rde:childs is-null="true" />
                                  <rde:values>
                                    <rde:AttributeValue index="0">
                                      <rde:stringValue><![CDATA[ratedsearch.xml~solex_production]]></rde:stringValue>
                                    </rde:AttributeValue>
                                  </rde:values>
                                </rde:Attribute>
                                <rde:Attribute>
                                  <rde:name><![CDATA[2]]></rde:name>
                                  <rde:cookieName><![CDATA[]]></rde:cookieName>
                                  <rde:childs is-null="true" />
                                  <rde:values>
                                    <rde:AttributeValue index="0">
                                      <rde:stringValue><![CDATA[Batch-Publisher.htm~solex_production]]></rde:stringValue>
                                    </rde:AttributeValue>
                                  </rde:values>
                                </rde:Attribute>
                                <rde:Attribute>
                                  <rde:name><![CDATA[3]]></rde:name>
                                  <rde:cookieName><![CDATA[]]></rde:cookieName>
                                  <rde:childs is-null="true" />
                                  <rde:values>
                                    <rde:AttributeValue index="0">
                                      <rde:stringValue><![CDATA[index.htm~solex_production]]></rde:stringValue>
                                    </rde:AttributeValue>
                                  </rde:values>
                                </rde:Attribute>
                                <rde:Attribute>
                                  <rde:name><![CDATA[4]]></rde:name>
                                  <rde:cookieName><![CDATA[]]></rde:cookieName>
                                  <rde:childs is-null="true" />
                                  <rde:values>
                                    <rde:AttributeValue index="0">
                                      <rde:stringValue><![CDATA[mostViewedSolutions.xml~solex_production]]></rde:stringValue>
                                    </rde:AttributeValue>
                                  </rde:values>
                                </rde:Attribute>
                                <rde:Attribute>
                                  <rde:name><![CDATA[5]]></rde:name>
                                  <rde:cookieName><![CDATA[]]></rde:cookieName>
                                  <rde:childs is-null="true" />
                                  <rde:values>
                                    <rde:AttributeValue index="0">
                                      <rde:stringValue><![CDATA[ratedsearch.xsl~solex_production]]></rde:stringValue>
                                    </rde:AttributeValue>
                                  </rde:values>
                                </rde:Attribute>
                                <rde:Attribute>
                                  <rde:name><![CDATA[6]]></rde:name>
                                  <rde:cookieName><![CDATA[]]></rde:cookieName>
                                  <rde:childs is-null="true" />
                                  <rde:values>
                                    <rde:AttributeValue index="0">
                                      <rde:stringValue><![CDATA[temp.xml~solex_production]]></rde:stringValue>
                                    </rde:AttributeValue>
                                  </rde:values>
                                </rde:Attribute>
                                <rde:Attribute>
                                  <rde:name><![CDATA[7]]></rde:name>
                                  <rde:cookieName><![CDATA[]]></rde:cookieName>
                                  <rde:childs is-null="true" />
                                  <rde:values>
                                    <rde:AttributeValue index="0">
                                      <rde:stringValue><![CDATA[importUserAttributes.xml~solex_production]]></rde:stringValue>
                                    </rde:AttributeValue>
                                  </rde:values>
                                </rde:Attribute>
                                <rde:Attribute>
                                  <rde:name><![CDATA[8]]></rde:name>
                                  <rde:cookieName><![CDATA[]]></rde:cookieName>
                                  <rde:childs is-null="true" />
                                  <rde:values>
                                    <rde:AttributeValue index="0">
                                      <rde:stringValue><![CDATA[communityFeed.xml~solex_production]]></rde:stringValue>
                                    </rde:AttributeValue>
                                  </rde:values>
                                </rde:Attribute>
                                <rde:Attribute>
                                  <rde:name><![CDATA[9]]></rde:name>
                                  <rde:cookieName><![CDATA[]]></rde:cookieName>
                                  <rde:childs is-null="true" />
                                  <rde:values>
                                    <rde:AttributeValue index="0">
                                      <rde:stringValue><![CDATA[twitterFeed.xml~solex_production]]></rde:stringValue>
                                    </rde:AttributeValue>
                                  </rde:values>
                                </rde:Attribute>
                                <rde:Attribute>
                                  <rde:name><![CDATA[10]]></rde:name>
                                  <rde:cookieName><![CDATA[]]></rde:cookieName>
                                  <rde:childs is-null="true" />
                                  <rde:values>
                                    <rde:AttributeValue index="0">
                                      <rde:stringValue><![CDATA[getUserPages.xml~solex_production]]></rde:stringValue>
                                    </rde:AttributeValue>
                                  </rde:values>
                                </rde:Attribute>
                                <rde:Attribute>
                                  <rde:name><![CDATA[11]]></rde:name>
                                  <rde:cookieName><![CDATA[]]></rde:cookieName>
                                  <rde:childs is-null="true" />
                                  <rde:values>
                                    <rde:AttributeValue index="0">
                                      <rde:stringValue><![CDATA[rqlLogin.xml~solex_production]]></rde:stringValue>
                                    </rde:AttributeValue>
                                  </rde:values>
                                </rde:Attribute>
                                <rde:Attribute>
                                  <rde:name><![CDATA[12]]></rde:name>
                                  <rde:cookieName><![CDATA[]]></rde:cookieName>
                                  <rde:childs is-null="true" />
                                  <rde:values>
                                    <rde:AttributeValue index="0">
                                      <rde:stringValue><![CDATA[getUserPages.xsl~solex_production]]></rde:stringValue>
                                    </rde:AttributeValue>
                                  </rde:values>
                                </rde:Attribute>
                                <rde:Attribute>
                                  <rde:name><![CDATA[13]]></rde:name>
                                  <rde:cookieName><![CDATA[]]></rde:cookieName>
                                  <rde:childs is-null="true" />
                                  <rde:values>
                                    <rde:AttributeValue index="0">
                                      <rde:stringValue><![CDATA[vcsReadRemoteObjectData.xml~solex_production]]></rde:stringValue>
                                    </rde:AttributeValue>
                                  </rde:values>
                                </rde:Attribute>
                                <rde:Attribute>
                                  <rde:name><![CDATA[14]]></rde:name>
                                  <rde:cookieName><![CDATA[]]></rde:cookieName>
                                  <rde:childs is-null="true" />
                                  <rde:values>
                                    <rde:AttributeValue index="0">
                                      <rde:stringValue><![CDATA[vcsGetTagCloud.xml~solex_production]]></rde:stringValue>
                                    </rde:AttributeValue>
                                  </rde:values>
                                </rde:Attribute>
                                <rde:Attribute>
                                  <rde:name><![CDATA[15]]></rde:name>
                                  <rde:cookieName><![CDATA[]]></rde:cookieName>
                                  <rde:childs is-null="true" />
                                  <rde:values>
                                    <rde:AttributeValue index="0">
                                      <rde:stringValue><![CDATA[search.xml~solex_production]]></rde:stringValue>
                                    </rde:AttributeValue>
                                  </rde:values>
                                </rde:Attribute>
                                <rde:Attribute>
                                  <rde:name><![CDATA[16]]></rde:name>
                                  <rde:cookieName><![CDATA[]]></rde:cookieName>
                                  <rde:childs is-null="true" />
                                  <rde:values>
                                    <rde:AttributeValue index="0">
                                      <rde:stringValue><![CDATA[bpp.htm~solex_production]]></rde:stringValue>
                                    </rde:AttributeValue>
                                  </rde:values>
                                </rde:Attribute>
                                <rde:Attribute>
                                  <rde:name><![CDATA[17]]></rde:name>
                                  <rde:cookieName><![CDATA[]]></rde:cookieName>
                                  <rde:childs is-null="true" />
                                  <rde:values>
                                    <rde:AttributeValue index="0">
                                      <rde:stringValue><![CDATA[vcsReadRemoteObjectData.xsl~solex_production]]></rde:stringValue>
                                    </rde:AttributeValue>
                                  </rde:values>
                                </rde:Attribute>
                                <rde:Attribute>
                                  <rde:name><![CDATA[18]]></rde:name>
                                  <rde:cookieName><![CDATA[]]></rde:cookieName>
                                  <rde:childs is-null="true" />
                                  <rde:values>
                                    <rde:AttributeValue index="0">
                                      <rde:stringValue><![CDATA[Job-Report-Manager.htm~solex_production]]></rde:stringValue>
                                    </rde:AttributeValue>
                                  </rde:values>
                                </rde:Attribute>
                                <rde:Attribute>
                                  <rde:name><![CDATA[19]]></rde:name>
                                  <rde:cookieName><![CDATA[]]></rde:cookieName>
                                  <rde:childs is-null="true" />
                                  <rde:values>
                                    <rde:AttributeValue index="0">
                                      <rde:stringValue><![CDATA[recommendedSolutions.xml~solex_production]]></rde:stringValue>
                                    </rde:AttributeValue>
                                  </rde:values>
                                </rde:Attribute>
                              </rde:childs>
                            </rde:Attribute>
                          </rde:childs>
                        </rde:Attribute>
                      </rde:childs>
                    </rde:Attribute>
                    <rde:Attribute>
                      <rde:name><![CDATA[rde-edit-user]]></rde:name>
                      <rde:cookieName><![CDATA[]]></rde:cookieName>
                      <rde:childs>
                        <rde:Attribute>
                          <rde:name><![CDATA[rde-attributes]]></rde:name>
                          <rde:cookieName><![CDATA[]]></rde:cookieName>
                          <rde:childs>
                            <rde:Attribute>
                              <rde:name><![CDATA[profile]]></rde:name>
                              <rde:cookieName><![CDATA[]]></rde:cookieName>
                              <rde:childs>
                                <rde:Attribute>
                                  <rde:name><![CDATA[URL]]></rde:name>
                                  <rde:cookieName><![CDATA[]]></rde:cookieName>
                                  <rde:childs is-null="true" />
                                  <rde:values>
                                    <rde:AttributeValue index="0">
                                      <rde:stringValue><![CDATA[/vinodh.sampath.htm]]></rde:stringValue>
                                    </rde:AttributeValue>
                                  </rde:values>
                                </rde:Attribute>
                                <rde:Attribute>
                                  <rde:name><![CDATA[image]]></rde:name>
                                  <rde:cookieName><![CDATA[]]></rde:cookieName>
                                  <rde:childs>
                                    <rde:Attribute>
                                      <rde:name><![CDATA[URL]]></rde:name>
                                      <rde:cookieName><![CDATA[]]></rde:cookieName>
                                      <rde:childs is-null="true" />
                                      <rde:values>
                                        <rde:AttributeValue index="0">
                                          <rde:stringValue><![CDATA[/images/tweet-bg.gif]]></rde:stringValue>
                                        </rde:AttributeValue>
                                      </rde:values>
                                    </rde:Attribute>
                                  </rde:childs>
                                </rde:Attribute>
                                <rde:Attribute>
                                  <rde:name><![CDATA[twitter]]></rde:name>
                                  <rde:cookieName><![CDATA[]]></rde:cookieName>
                                  <rde:childs>
                                    <rde:Attribute>
                                      <rde:name><![CDATA[id]]></rde:name>
                                      <rde:cookieName><![CDATA[]]></rde:cookieName>
                                      <rde:childs is-null="true" />
                                      <rde:values>
                                        <rde:AttributeValue index="0">
                                          <rde:stringValue><![CDATA[vinosrhythm]]></rde:stringValue>
                                        </rde:AttributeValue>
                                      </rde:values>
                                    </rde:Attribute>
                                  </rde:childs>
                                </rde:Attribute>
                                <rde:Attribute>
                                  <rde:name><![CDATA[blog]]></rde:name>
                                  <rde:cookieName><![CDATA[]]></rde:cookieName>
                                  <rde:childs>
                                    <rde:Attribute>
                                      <rde:name><![CDATA[URL]]></rde:name>
                                      <rde:cookieName><![CDATA[]]></rde:cookieName>
                                      <rde:childs is-null="true" />
                                      <rde:values>
                                        <rde:AttributeValue index="0">
                                          <rde:stringValue><![CDATA[http://tlanders.blogspot.com/]]></rde:stringValue>
                                        </rde:AttributeValue>
                                      </rde:values>
                                    </rde:Attribute>
                                    <rde:Attribute>
                                      <rde:name><![CDATA[platform]]></rde:name>
                                      <rde:cookieName><![CDATA[]]></rde:cookieName>
                                      <rde:childs is-null="true" />
                                      <rde:values>
                                        <rde:AttributeValue index="0">
                                          <rde:stringValue><![CDATA[blogger]]></rde:stringValue>
                                        </rde:AttributeValue>
                                      </rde:values>
                                    </rde:Attribute>
                                  </rde:childs>
                                </rde:Attribute>
                                <rde:Attribute>
                                  <rde:name><![CDATA[facebook]]></rde:name>
                                  <rde:cookieName><![CDATA[]]></rde:cookieName>
                                  <rde:childs>
                                    <rde:Attribute>
                                      <rde:name><![CDATA[URL]]></rde:name>
                                      <rde:cookieName><![CDATA[]]></rde:cookieName>
                                      <rde:childs is-null="true" />
                                      <rde:values>
                                        <rde:AttributeValue index="0">
                                          <rde:stringValue><![CDATA[Thomas.Pollinger]]></rde:stringValue>
                                        </rde:AttributeValue>
                                      </rde:values>
                                    </rde:Attribute>
                                  </rde:childs>
                                </rde:Attribute>
                                <rde:Attribute>
                                  <rde:name><![CDATA[linkedin]]></rde:name>
                                  <rde:cookieName><![CDATA[]]></rde:cookieName>
                                  <rde:childs>
                                    <rde:Attribute>
                                      <rde:name><![CDATA[URL]]></rde:name>
                                      <rde:cookieName><![CDATA[]]></rde:cookieName>
                                      <rde:childs is-null="true" />
                                      <rde:values>
                                        <rde:AttributeValue index="0">
                                          <rde:stringValue><![CDATA[http://www.linkedin.com/in/troylanders]]></rde:stringValue>
                                        </rde:AttributeValue>
                                      </rde:values>
                                    </rde:Attribute>
                                  </rde:childs>
                                </rde:Attribute>
                                <rde:Attribute>
                                  <rde:name><![CDATA[website]]></rde:name>
                                  <rde:cookieName><![CDATA[]]></rde:cookieName>
                                  <rde:childs>
                                    <rde:Attribute>
                                      <rde:name><![CDATA[URL]]></rde:name>
                                      <rde:cookieName><![CDATA[]]></rde:cookieName>
                                      <rde:childs is-null="true" />
                                      <rde:values>
                                        <rde:AttributeValue index="0">
                                          <rde:stringValue><![CDATA[http://www.sms-siemag.com]]></rde:stringValue>
                                        </rde:AttributeValue>
                                      </rde:values>
                                    </rde:Attribute>
                                  </rde:childs>
                                </rde:Attribute>
                              </rde:childs>
                            </rde:Attribute>
                          </rde:childs>
                        </rde:Attribute>
                        <rde:Attribute>
                          <rde:name><![CDATA[rde-fields]]></rde:name>
                          <rde:cookieName><![CDATA[]]></rde:cookieName>
                          <rde:childs>
                            <rde:Attribute>
                              <rde:name><![CDATA[email]]></rde:name>
                              <rde:cookieName><![CDATA[]]></rde:cookieName>
                              <rde:childs is-null="true" />
                              <rde:values>
                                <rde:AttributeValue index="0">
                                  <rde:stringValue><![CDATA[vinosrhythm@gmail.com]]></rde:stringValue>
                                </rde:AttributeValue>
                              </rde:values>
                            </rde:Attribute>
                          </rde:childs>
                        </rde:Attribute>
                      </rde:childs>
                    </rde:Attribute>
                    <rde:Attribute>
                      <rde:name><![CDATA[vignette]]></rde:name>
                      <rde:childs>
                        <rde:Attribute>
                          <rde:name><![CDATA[postreaddate]]></rde:name>
                          <rde:childs is-null="true" />
                          <rde:values>
                            <rde:AttributeValue index="0">
                              <rde:stringValue><![CDATA[1286371584388]]></rde:stringValue>
                            </rde:AttributeValue>
                          </rde:values>
                        </rde:Attribute>
                      </rde:childs>
                    </rde:Attribute>
                  </rde:childs>
                </rde:Attribute>
              </rde:entry>
            </rde:attributes>
          </rde:FAttrOwner>
        </rde:attributes>
      </rde:Attributes>
    </rde:attributes>
  </rde:User>
</rde-idea:user>