<result>
	
	<!-- Site MIME Type to XML -->
	<rde-dm:attribute mode="write" attribute="request:rdeResponseMimetype" value="text/xml"/>

	<!-- Prepare Request -->
	<rde-dm:attribute mode="condition" attribute="request:rest.debug" op="ne" value="true" tag="notag">
		<rde-dm:include content="prepare-request.xml" process-mode="execute" tag="notag"/>
	</rde-dm:attribute>
	
	<!-- Debugging -->
	<rde-dm:attribute mode="condition" attribute="request:rest.debug" op="eq" value="true" tag="notag">
		<rde-dm:include content="prepare-request.xml" tag="notag"/>
	</rde-dm:attribute>

	<!-- Get Noun -->
        <!-- if number of / parts of the request changes change the index rest.path.parts[7] below -->
	<rde-dm:attribute mode="write" attribute="request:rest.noun" value="[#request:rest.path.parts[1]#]" />
	
	<!-- Debugging -->
	<rde-dm:attribute mode="condition" attribute="request:rest.debug" op="eq" value="true" tag="debug">
		<rde-dm:attribute mode="read" attribute="request:rest.noun" />
	</rde-dm:attribute>
	
	<!-- Determine If Noun Handler Exists -->
	<rde-dm:reference mode="exists" content="[#request:rest.noun#].xml" result-attribute="rest.handler.exists" tag="notag"/>
	<rde-dm:attribute mode="condition" attribute="request:rest.handler.exists" op="eq" value="0" tag="notag">
		<rde-dm:if>
			<!-- Forward to Noun Handler -->
			<rde-dm:include content="[#request:rest.noun#].xml" />
		</rde-dm:if>
		<rde-dm:else>
			<!-- Return Error Message -->
			<error>Unknown Noun: [#request:rest.noun#]</error>
		</rde-dm:else>
	</rde-dm:attribute>
	
</result>