<user-login>
	<!-- validate user submitted, user not already logged in, post used (long term confirm HTTPS used) -->
	<user-login-reached>true</user-login-reached>
	<rde-dm:attribute attribute="request:rest.users.id" mode="read"/>
	<rde-dm:attribute attribute="request:rde-rd:httpHeader-method" mode="read"/>
    <rde-dm:attribute mode="condition">
		<rde-dm:constraint>( user:authenticationStatus ne 3 ) and (request:rest.users.id ne "") and (request:password ne "") and (request:rde-rd:httpHeader-method eq "POST")</rde-dm:constraint>
		<rde-dm:if>
			<!-- user not logged in and other pre-requisites met-->
			<rde-dm:user mode="login" user="[#request:rest.users.id#]" password="[#request:password#]" login-content="user.loggedin.xml" login-fail="user.loginerror.xml" redirect="no" result-attribute="login-result"/>
			<rde-dm:attribute attribute="request:login-result" mode="read"/>
		</rde-dm:if>
		<rde-dm:else><!-- use process dm to send somewhere--></rde-dm:else>
	</rde-dm:attribute>
</user-login>