<?xml version="1.0" encoding="UTF-8"?>

<rde-idea:attribute model-version="4.0" name="rest" version="4.0.1" xmlns:fo="http://www.w3.org/1999/XSL/Format" xmlns:rde="http://www.reddot.de/rde/ns" xmlns:rde-dm="http://www.reddot.de/rde/ns/dm" xmlns:rde-fdl="http://www.reddot.de/rde/ns/fdl" xmlns:rde-idea="http://www.reddot.de/rde/ns/idea" xmlns:rde-rd="http://www.reddot.de/2000/rde/rd" xmlns:rde-rdf="http://www.reddot.de/rde/ns/rdf" xmlns:rde-xmaps="http://www.reddot.de/rde/ns/xmaps" xmlns:rdf="http://www.w3.org/TR/REC-rdf-syntax/" xmlns:xsl="http://www.w3.org/1999/XSL/Transform" xmlns:xsl-template="http://www.reddot.de/rde/ns/template">
  <rde:Attribute>
    <rde:name><![CDATA[rest]]></rde:name>
    <rde:childs>
      <rde:Attribute>
        <rde:name><![CDATA[description]]></rde:name>
        <rde:childs is-null="true" />
        <rde:values>
          <rde:AttributeValue index="0">
            <rde:stringValue><![CDATA[rest]]></rde:stringValue>
          </rde:AttributeValue>
        </rde:values>
      </rde:Attribute>
      <rde:Attribute>
        <rde:name><![CDATA[active]]></rde:name>
        <rde:childs is-null="true" />
        <rde:values>
          <rde:AttributeValue index="0">
            <rde:stringValue><![CDATA[true]]></rde:stringValue>
          </rde:AttributeValue>
        </rde:values>
      </rde:Attribute>
      <rde:Attribute>
        <rde:name><![CDATA[urlprefix]]></rde:name>
        <rde:childs is-null="true" />
        <rde:values>
          <rde:AttributeValue index="0">
            <rde:stringValue><![CDATA[http://localhost:8080/cps/rde/xfw2/rest/xml/]]></rde:stringValue>
          </rde:AttributeValue>
        </rde:values>
      </rde:Attribute>
      <rde:Attribute>
        <rde:name><![CDATA[timeout]]></rde:name>
        <rde:childs is-null="true" />
        <rde:values>
          <rde:AttributeValue index="0">
            <rde:stringValue><![CDATA[10]]></rde:stringValue>
            <rde:longValue>10</rde:longValue>
          </rde:AttributeValue>
        </rde:values>
      </rde:Attribute>
      <rde:Attribute>
        <rde:name><![CDATA[authentication]]></rde:name>
        <rde:childs>
          <rde:Attribute>
            <rde:name><![CDATA[authType]]></rde:name>
            <rde:childs is-null="true" />
            <rde:values>
              <rde:AttributeValue index="0">
                <rde:stringValue><![CDATA[none]]></rde:stringValue>
              </rde:AttributeValue>
            </rde:values>
          </rde:Attribute>
          <rde:Attribute>
            <rde:name><![CDATA[authUser]]></rde:name>
            <rde:childs is-null="true" />
            <rde:values>
              <rde:AttributeValue index="0">
                <rde:stringValue><![CDATA[[#user:rde-fields.login#]]]></rde:stringValue>
              </rde:AttributeValue>
            </rde:values>
          </rde:Attribute>
          <rde:Attribute>
            <rde:name><![CDATA[sharedKey]]></rde:name>
            <rde:childs is-null="true" />
            <rde:values>
              <rde:AttributeValue index="0">
                <rde:stringValue><![CDATA[[#registry:reddot.sc_medias.configuration_secret#]]]></rde:stringValue>
              </rde:AttributeValue>
            </rde:values>
          </rde:Attribute>
        </rde:childs>
        <rde:values>
          <rde:AttributeValue index="0">
            <rde:stringValue><![CDATA[cis-subdialogue]]></rde:stringValue>
          </rde:AttributeValue>
        </rde:values>
      </rde:Attribute>
      <rde:Attribute>
        <rde:name><![CDATA[prepared-request-list]]></rde:name>
        <rde:childs>
          <rde:Attribute>
            <rde:name><![CDATA[item-0]]></rde:name>
            <rde:childs>
              <rde:Attribute>
                <rde:name><![CDATA[seq-order]]></rde:name>
                <rde:childs is-null="true" />
                <rde:values>
                  <rde:AttributeValue index="0">
                    <rde:stringValue><![CDATA[0]]></rde:stringValue>
                  </rde:AttributeValue>
                </rde:values>
              </rde:Attribute>
              <rde:Attribute>
                <rde:name><![CDATA[request-header-list]]></rde:name>
                <rde:childs is-null="true" />
                <rde:values>
                  <rde:AttributeValue index="0">
                    <rde:stringValue><![CDATA[cis-multidialogue]]></rde:stringValue>
                  </rde:AttributeValue>
                </rde:values>
              </rde:Attribute>
              <rde:Attribute>
                <rde:name><![CDATA[request-parameter-list]]></rde:name>
                <rde:childs is-null="true" />
                <rde:values>
                  <rde:AttributeValue index="0">
                    <rde:stringValue><![CDATA[cis-multidialogue]]></rde:stringValue>
                  </rde:AttributeValue>
                </rde:values>
              </rde:Attribute>
              <rde:Attribute>
                <rde:name><![CDATA[result-attribute-list]]></rde:name>
                <rde:childs>
                  <rde:Attribute>
                    <rde:name><![CDATA[item-0]]></rde:name>
                    <rde:childs>
                      <rde:Attribute>
                        <rde:name><![CDATA[sourcePath]]></rde:name>
                        <rde:childs is-null="true" />
                        <rde:values>
                          <rde:AttributeValue index="0">
                            <rde:stringValue><![CDATA[//ping/text()]]></rde:stringValue>
                          </rde:AttributeValue>
                        </rde:values>
                      </rde:Attribute>
                      <rde:Attribute>
                        <rde:name><![CDATA[destinationPath]]></rde:name>
                        <rde:childs is-null="true" />
                        <rde:values>
                          <rde:AttributeValue index="0">
                            <rde:stringValue><![CDATA[request:pong]]></rde:stringValue>
                          </rde:AttributeValue>
                        </rde:values>
                      </rde:Attribute>
                      <rde:Attribute>
                        <rde:name><![CDATA[inlineFunction]]></rde:name>
                        <rde:childs is-null="true" />
                        <rde:values>
                          <rde:AttributeValue index="0">
                            <rde:stringValue><![CDATA[trim()]]></rde:stringValue>
                          </rde:AttributeValue>
                        </rde:values>
                      </rde:Attribute>
                    </rde:childs>
                  </rde:Attribute>
                </rde:childs>
                <rde:values>
                  <rde:AttributeValue index="0">
                    <rde:stringValue><![CDATA[cis-multidialogue]]></rde:stringValue>
                  </rde:AttributeValue>
                </rde:values>
              </rde:Attribute>
              <rde:Attribute>
                <rde:name><![CDATA[name]]></rde:name>
                <rde:childs is-null="true" />
                <rde:values>
                  <rde:AttributeValue index="0">
                    <rde:stringValue><![CDATA[ping]]></rde:stringValue>
                  </rde:AttributeValue>
                </rde:values>
              </rde:Attribute>
              <rde:Attribute>
                <rde:name><![CDATA[description]]></rde:name>
                <rde:childs is-null="true" />
                <rde:values>
                  <rde:AttributeValue index="0">
                    <rde:stringValue><![CDATA[gets pong back]]></rde:stringValue>
                  </rde:AttributeValue>
                </rde:values>
              </rde:Attribute>
              <rde:Attribute>
                <rde:name><![CDATA[active]]></rde:name>
                <rde:childs is-null="true" />
                <rde:values>
                  <rde:AttributeValue index="0">
                    <rde:stringValue><![CDATA[true]]></rde:stringValue>
                  </rde:AttributeValue>
                </rde:values>
              </rde:Attribute>
              <rde:Attribute>
                <rde:name><![CDATA[followredirects]]></rde:name>
                <rde:childs is-null="true" />
                <rde:values>
                  <rde:AttributeValue index="0">
                    <rde:stringValue><![CDATA[false]]></rde:stringValue>
                  </rde:AttributeValue>
                </rde:values>
              </rde:Attribute>
              <rde:Attribute>
                <rde:name><![CDATA[urlpostfix]]></rde:name>
                <rde:childs is-null="true" />
                <rde:values>
                  <rde:AttributeValue index="0">
                    <rde:stringValue><![CDATA[ping]]></rde:stringValue>
                  </rde:AttributeValue>
                </rde:values>
              </rde:Attribute>
              <rde:Attribute>
                <rde:name><![CDATA[method]]></rde:name>
                <rde:childs is-null="true" />
                <rde:values>
                  <rde:AttributeValue index="0">
                    <rde:stringValue><![CDATA[GET]]></rde:stringValue>
                  </rde:AttributeValue>
                </rde:values>
              </rde:Attribute>
              <rde:Attribute>
                <rde:name><![CDATA[body-encoding]]></rde:name>
                <rde:childs is-null="true" />
                <rde:values>
                  <rde:AttributeValue index="0">
                    <rde:stringValue><![CDATA[utf-8]]></rde:stringValue>
                  </rde:AttributeValue>
                </rde:values>
              </rde:Attribute>
              <rde:Attribute>
                <rde:name><![CDATA[body]]></rde:name>
                <rde:childs is-null="true" />
                <rde:values>
                  <rde:AttributeValue index="0">
                    <rde:stringValue><![CDATA[]]></rde:stringValue>
                  </rde:AttributeValue>
                </rde:values>
              </rde:Attribute>
              <rde:Attribute>
                <rde:name><![CDATA[response-encoding]]></rde:name>
                <rde:childs is-null="true" />
                <rde:values>
                  <rde:AttributeValue index="0">
                    <rde:stringValue><![CDATA[utf-8]]></rde:stringValue>
                  </rde:AttributeValue>
                </rde:values>
              </rde:Attribute>
            </rde:childs>
          </rde:Attribute>
          <rde:Attribute>
            <rde:name><![CDATA[item-1]]></rde:name>
            <rde:childs>
              <rde:Attribute>
                <rde:name><![CDATA[seq-order]]></rde:name>
                <rde:childs is-null="true" />
                <rde:values>
                  <rde:AttributeValue index="0">
                    <rde:stringValue><![CDATA[1]]></rde:stringValue>
                    <rde:longValue>1</rde:longValue>
                  </rde:AttributeValue>
                </rde:values>
              </rde:Attribute>
              <rde:Attribute>
                <rde:name><![CDATA[request-header-list]]></rde:name>
                <rde:childs is-null="true" />
                <rde:values>
                  <rde:AttributeValue index="0">
                    <rde:stringValue><![CDATA[cis-multidialogue]]></rde:stringValue>
                  </rde:AttributeValue>
                </rde:values>
              </rde:Attribute>
              <rde:Attribute>
                <rde:name><![CDATA[request-parameter-list]]></rde:name>
                <rde:childs>
                  <rde:Attribute>
                    <rde:name><![CDATA[item-0]]></rde:name>
                    <rde:childs>
                      <rde:Attribute>
                        <rde:name><![CDATA[name]]></rde:name>
                        <rde:childs is-null="true" />
                        <rde:values>
                          <rde:AttributeValue index="0">
                            <rde:stringValue><![CDATA[project]]></rde:stringValue>
                          </rde:AttributeValue>
                        </rde:values>
                      </rde:Attribute>
                      <rde:Attribute>
                        <rde:name><![CDATA[value]]></rde:name>
                        <rde:childs is-null="true" />
                        <rde:values>
                          <rde:AttributeValue index="0">
                            <rde:stringValue><![CDATA[rest]]></rde:stringValue>
                          </rde:AttributeValue>
                        </rde:values>
                      </rde:Attribute>
                    </rde:childs>
                  </rde:Attribute>
                  <rde:Attribute>
                    <rde:name><![CDATA[item-1]]></rde:name>
                    <rde:childs>
                      <rde:Attribute>
                        <rde:name><![CDATA[name]]></rde:name>
                        <rde:childs is-null="true" />
                        <rde:values>
                          <rde:AttributeValue index="0">
                            <rde:stringValue><![CDATA[contentname]]></rde:stringValue>
                          </rde:AttributeValue>
                        </rde:values>
                      </rde:Attribute>
                      <rde:Attribute>
                        <rde:name><![CDATA[value]]></rde:name>
                        <rde:childs is-null="true" />
                        <rde:values>
                          <rde:AttributeValue index="0">
                            <rde:stringValue><![CDATA[rest:test1]]></rde:stringValue>
                          </rde:AttributeValue>
                        </rde:values>
                      </rde:Attribute>
                    </rde:childs>
                  </rde:Attribute>
                  <rde:Attribute>
                    <rde:name><![CDATA[item-2]]></rde:name>
                    <rde:childs>
                      <rde:Attribute>
                        <rde:name><![CDATA[name]]></rde:name>
                        <rde:childs is-null="true" />
                        <rde:values>
                          <rde:AttributeValue index="0">
                            <rde:stringValue><![CDATA[scriptname]]></rde:stringValue>
                          </rde:AttributeValue>
                        </rde:values>
                      </rde:Attribute>
                      <rde:Attribute>
                        <rde:name><![CDATA[value]]></rde:name>
                        <rde:childs is-null="true" />
                        <rde:values>
                          <rde:AttributeValue index="0">
                            <rde:stringValue><![CDATA[rest:python-date.py]]></rde:stringValue>
                          </rde:AttributeValue>
                        </rde:values>
                      </rde:Attribute>
                    </rde:childs>
                  </rde:Attribute>
                  <rde:Attribute>
                    <rde:name><![CDATA[item-3]]></rde:name>
                    <rde:childs>
                      <rde:Attribute>
                        <rde:name><![CDATA[name]]></rde:name>
                        <rde:childs is-null="true" />
                        <rde:values>
                          <rde:AttributeValue index="0">
                            <rde:stringValue><![CDATA[params]]></rde:stringValue>
                          </rde:AttributeValue>
                        </rde:values>
                      </rde:Attribute>
                      <rde:Attribute>
                        <rde:name><![CDATA[value]]></rde:name>
                        <rde:childs is-null="true" />
                        <rde:values>
                          <rde:AttributeValue index="0">
                            <rde:stringValue><![CDATA[date=12/22/2010|add_days=4|date_format=MM/dd/yyyy|method=addDays]]></rde:stringValue>
                          </rde:AttributeValue>
                        </rde:values>
                      </rde:Attribute>
                    </rde:childs>
                  </rde:Attribute>
                </rde:childs>
                <rde:values>
                  <rde:AttributeValue index="0">
                    <rde:stringValue><![CDATA[cis-multidialogue]]></rde:stringValue>
                  </rde:AttributeValue>
                </rde:values>
              </rde:Attribute>
              <rde:Attribute>
                <rde:name><![CDATA[result-attribute-list]]></rde:name>
                <rde:childs>
                  <rde:Attribute>
                    <rde:name><![CDATA[item-0]]></rde:name>
                    <rde:childs>
                      <rde:Attribute>
                        <rde:name><![CDATA[sourcePath]]></rde:name>
                        <rde:childs is-null="true" />
                        <rde:values>
                          <rde:AttributeValue index="0">
                            <rde:stringValue><![CDATA[//result]]></rde:stringValue>
                          </rde:AttributeValue>
                        </rde:values>
                      </rde:Attribute>
                      <rde:Attribute>
                        <rde:name><![CDATA[destinationPath]]></rde:name>
                        <rde:childs is-null="true" />
                        <rde:values>
                          <rde:AttributeValue index="0">
                            <rde:stringValue><![CDATA[request:scriptresult]]></rde:stringValue>
                          </rde:AttributeValue>
                        </rde:values>
                      </rde:Attribute>
                      <rde:Attribute>
                        <rde:name><![CDATA[inlineFunction]]></rde:name>
                        <rde:childs is-null="true" />
                        <rde:values>
                          <rde:AttributeValue index="0">
                            <rde:stringValue><![CDATA[trim()]]></rde:stringValue>
                          </rde:AttributeValue>
                        </rde:values>
                      </rde:Attribute>
                    </rde:childs>
                  </rde:Attribute>
                </rde:childs>
                <rde:values>
                  <rde:AttributeValue index="0">
                    <rde:stringValue><![CDATA[cis-multidialogue]]></rde:stringValue>
                  </rde:AttributeValue>
                </rde:values>
              </rde:Attribute>
              <rde:Attribute>
                <rde:name><![CDATA[name]]></rde:name>
                <rde:childs is-null="true" />
                <rde:values>
                  <rde:AttributeValue index="0">
                    <rde:stringValue><![CDATA[script]]></rde:stringValue>
                  </rde:AttributeValue>
                </rde:values>
              </rde:Attribute>
              <rde:Attribute>
                <rde:name><![CDATA[description]]></rde:name>
                <rde:childs is-null="true" />
                <rde:values>
                  <rde:AttributeValue index="0">
                    <rde:stringValue><![CDATA[Script DM call of REST Project on this server]]></rde:stringValue>
                  </rde:AttributeValue>
                </rde:values>
              </rde:Attribute>
              <rde:Attribute>
                <rde:name><![CDATA[active]]></rde:name>
                <rde:childs is-null="true" />
                <rde:values>
                  <rde:AttributeValue index="0">
                    <rde:stringValue><![CDATA[true]]></rde:stringValue>
                  </rde:AttributeValue>
                </rde:values>
              </rde:Attribute>
              <rde:Attribute>
                <rde:name><![CDATA[followredirects]]></rde:name>
                <rde:childs is-null="true" />
                <rde:values>
                  <rde:AttributeValue index="0">
                    <rde:stringValue><![CDATA[false]]></rde:stringValue>
                  </rde:AttributeValue>
                </rde:values>
              </rde:Attribute>
              <rde:Attribute>
                <rde:name><![CDATA[urlpostfix]]></rde:name>
                <rde:childs is-null="true" />
                <rde:values>
                  <rde:AttributeValue index="0">
                    <rde:stringValue><![CDATA[script]]></rde:stringValue>
                  </rde:AttributeValue>
                </rde:values>
              </rde:Attribute>
              <rde:Attribute>
                <rde:name><![CDATA[method]]></rde:name>
                <rde:childs is-null="true" />
                <rde:values>
                  <rde:AttributeValue index="0">
                    <rde:stringValue><![CDATA[GET]]></rde:stringValue>
                  </rde:AttributeValue>
                </rde:values>
              </rde:Attribute>
              <rde:Attribute>
                <rde:name><![CDATA[body-encoding]]></rde:name>
                <rde:childs is-null="true" />
                <rde:values>
                  <rde:AttributeValue index="0">
                    <rde:stringValue><![CDATA[utf-8]]></rde:stringValue>
                  </rde:AttributeValue>
                </rde:values>
              </rde:Attribute>
              <rde:Attribute>
                <rde:name><![CDATA[body]]></rde:name>
                <rde:childs is-null="true" />
                <rde:values>
                  <rde:AttributeValue index="0">
                    <rde:stringValue><![CDATA[]]></rde:stringValue>
                  </rde:AttributeValue>
                </rde:values>
              </rde:Attribute>
              <rde:Attribute>
                <rde:name><![CDATA[response-encoding]]></rde:name>
                <rde:childs is-null="true" />
                <rde:values>
                  <rde:AttributeValue index="0">
                    <rde:stringValue><![CDATA[utf-8]]></rde:stringValue>
                  </rde:AttributeValue>
                </rde:values>
              </rde:Attribute>
            </rde:childs>
          </rde:Attribute>
        </rde:childs>
        <rde:values>
          <rde:AttributeValue index="0">
            <rde:stringValue><![CDATA[cis-dyndialogue]]></rde:stringValue>
          </rde:AttributeValue>
        </rde:values>
      </rde:Attribute>
    </rde:childs>
    <rde:parent>
      <rde:Attribute>
        <rde:name><![CDATA[httpservice]]></rde:name>
        <rde:parent>
          <rde:Attribute>
            <rde:name><![CDATA[idea]]></rde:name>
            <rde:parent>
              <rde:Attribute>
                <rde:name><![CDATA[reddot]]></rde:name>
                <rde:parent>
                  <rde:Attribute>
                    <rde:name><![CDATA[]]></rde:name>
                  </rde:Attribute>
                </rde:parent>
              </rde:Attribute>
            </rde:parent>
          </rde:Attribute>
        </rde:parent>
      </rde:Attribute>
    </rde:parent>
  </rde:Attribute>
</rde-idea:attribute>