<?xml version="1.0" encoding="UTF-8"?>

<rde-idea:attribute model-version="4.0" name="AttributeRulesTree-rest" version="4.0.1" xmlns:rde="http://www.reddot.de/rde/ns" xmlns:rde-dm="http://www.reddot.de/rde/ns/dm" xmlns:rde-fdl="http://www.reddot.de/rde/ns/fdl" xmlns:rde-idea="http://www.reddot.de/rde/ns/idea" xmlns:rde-rd="http://www.reddot.de/2000/rde/rd" xmlns:rde-xmaps="http://www.reddot.de/rde/ns/xmaps" xmlns:xsl="http://www.w3.org/1999/XSL/Transform" xmlns:xsl-template="http://www.reddot.de/rde/ns/template">
  <rde:Attribute>
    <rde:name><![CDATA[AttributeRulesTree-rest]]></rde:name>
    <rde:childs is-null="true" />
    <rde:parent>
      <rde:Attribute>
        <rde:name><![CDATA[]]></rde:name>
      </rde:Attribute>
    </rde:parent>
  </rde:Attribute>
</rde-idea:attribute>