<?xml version="1.0" encoding="UTF-8"?>

<rde-idea:user model-version="4.0" version="4.0.1" xmlns:fo="http://www.w3.org/1999/XSL/Format" xmlns:rde="http://www.reddot.de/rde/ns" xmlns:rde-dm="http://www.reddot.de/rde/ns/dm" xmlns:rde-fdl="http://www.reddot.de/rde/ns/fdl" xmlns:rde-idea="http://www.reddot.de/rde/ns/idea" xmlns:rde-rd="http://www.reddot.de/2000/rde/rd" xmlns:rde-rdf="http://www.reddot.de/rde/ns/rdf" xmlns:rde-xmaps="http://www.reddot.de/rde/ns/xmaps" xmlns:rdf="http://www.w3.org/TR/REC-rdf-syntax/" xmlns:xsl="http://www.w3.org/1999/XSL/Transform" xmlns:xsl-template="http://www.reddot.de/rde/ns/template">
  <rde:User>
    <rde:login><![CDATA[dsauth]]></rde:login>
    <rde:passwordDigest><![CDATA[6f4349f4ccadefa22dbeda505c947d46baf240bc]]></rde:passwordDigest>
    <rde:directoryServiceLink><![CDATA[Internal Repository]]></rde:directoryServiceLink>
    <rde:status>1</rde:status>
    <rde:authenticationStatus>3</rde:authenticationStatus>
    <rde:sessionTimeOut>-1</rde:sessionTimeOut>
    <rde:sessionLockTimeOut>-1</rde:sessionLockTimeOut>
    <rde:localeString><![CDATA[en]]></rde:localeString>
    <rde:name><![CDATA[DeliveryServer Authentication Test User]]></rde:name>
    <rde:cookieStatusFlag>128</rde:cookieStatusFlag>
    <rde:created>1293200142172</rde:created>
    <rde:lastLogin>1293200628078</rde:lastLogin>
    <rde:lastPasswordChange>1293200142172</rde:lastPasswordChange>
    <rde:multiplicityType>-1</rde:multiplicityType>
    <rde:guiLocaleString><![CDATA[en|en]]></rde:guiLocaleString>
    <rde:firstName><![CDATA[]]></rde:firstName>
    <rde:lastName><![CDATA[]]></rde:lastName>
    <rde:email><![CDATA[]]></rde:email>
    <rde:groups>
      <rde:UserGroup>
        <rde:name><![CDATA[RegisteredUsers]]></rde:name>
        <rde:description><![CDATA[Registered users]]></rde:description>
        <rde:path><![CDATA[RegisteredUsers]]></rde:path>
      </rde:UserGroup>
    </rde:groups>
    <rde:roles>
      <rde:Roles>
        <rde:roles>
          <rde:Role index="0">
            <rde:name><![CDATA[WebServiceUser]]></rde:name>
            <rde:additionalParameter><![CDATA[]]></rde:additionalParameter>
            <rde:validFrom>1293200160219</rde:validFrom>
          </rde:Role>
        </rde:roles>
      </rde:Roles>
    </rde:roles>
    <rde:attributes>
      <rde:Attributes>
        <rde:attributes>
          <rde:FAttrOwner>
            <rde:languageTag><![CDATA[]]></rde:languageTag>
            <rde:attributes>
              <rde:entry>
                <rde:key><![CDATA[]]></rde:key>
                <rde:Attribute>
                  <rde:name><![CDATA[]]></rde:name>
                  <rde:childs>
                    <rde:Attribute>
                      <rde:name><![CDATA[rde-userguid]]></rde:name>
                      <rde:cookieName><![CDATA[rde-userguid]]></rde:cookieName>
                      <rde:readonly>true</rde:readonly>
                      <rde:childs is-null="true" />
                      <rde:values>
                        <rde:AttributeValue index="0">
                          <rde:stringValue><![CDATA[userimpl-48e32257-12d18bc2f5c-56306382f1786da3]]></rde:stringValue>
                        </rde:AttributeValue>
                      </rde:values>
                    </rde:Attribute>
                  </rde:childs>
                </rde:Attribute>
              </rde:entry>
            </rde:attributes>
          </rde:FAttrOwner>
        </rde:attributes>
      </rde:Attributes>
    </rde:attributes>
    <rde:additionalDigests>
      <rde:PWDigest index="0">
        <rde:lastValidTime>1294064270844</rde:lastValidTime>
        <rde:passwordDigest><![CDATA[b6fdde994a8dbd7f3cc255e27664f12626474a27]]></rde:passwordDigest>
      </rde:PWDigest>
      <rde:PWDigest index="1">
        <rde:lastValidTime>1294064628063</rde:lastValidTime>
        <rde:passwordDigest><![CDATA[c81efc3b982a53e1cadd4ff3f102666e07e935e6]]></rde:passwordDigest>
      </rde:PWDigest>
    </rde:additionalDigests>
  </rde:User>
</rde-idea:user>