<?xml version="1.0" encoding="UTF-8"?>

<rde-idea:attribute model-version="4.0" name="project" version="4.0.1" xmlns:fo="http://www.w3.org/1999/XSL/Format" xmlns:rde="http://www.reddot.de/rde/ns" xmlns:rde-dm="http://www.reddot.de/rde/ns/dm" xmlns:rde-fdl="http://www.reddot.de/rde/ns/fdl" xmlns:rde-idea="http://www.reddot.de/rde/ns/idea" xmlns:rde-rd="http://www.reddot.de/2000/rde/rd" xmlns:rde-rdf="http://www.reddot.de/rde/ns/rdf" xmlns:rde-xmaps="http://www.reddot.de/rde/ns/xmaps" xmlns:rdf="http://www.w3.org/TR/REC-rdf-syntax/" xmlns:xsl="http://www.w3.org/1999/XSL/Transform" xmlns:xsl-template="http://www.reddot.de/rde/ns/template">
  <rde:Attribute>
    <rde:name><![CDATA[project]]></rde:name>
    <rde:childs>
      <rde:Attribute>
        <rde:name><![CDATA[version]]></rde:name>
        <rde:childs is-null="true" />
        <rde:values>
          <rde:AttributeValue index="0">
            <rde:stringValue><![CDATA[4.0.1]]></rde:stringValue>
          </rde:AttributeValue>
        </rde:values>
      </rde:Attribute>
      <rde:Attribute>
        <rde:name><![CDATA[ext]]></rde:name>
        <rde:childs>
          <rde:Attribute>
            <rde:name><![CDATA[lsrepository]]></rde:name>
            <rde:childs is-null="true" />
            <rde:values>
              <rde:AttributeValue index="0">
                <rde:stringValue><![CDATA[MsSql]]></rde:stringValue>
              </rde:AttributeValue>
            </rde:values>
          </rde:Attribute>
          <rde:Attribute>
            <rde:name><![CDATA[lsdbinstance]]></rde:name>
            <rde:childs is-null="true" />
            <rde:values>
              <rde:AttributeValue index="0">
                <rde:stringValue><![CDATA[rest]]></rde:stringValue>
              </rde:AttributeValue>
            </rde:values>
          </rde:Attribute>
          <rde:Attribute>
            <rde:name><![CDATA[lsarchiverepository]]></rde:name>
            <rde:childs is-null="true" />
            <rde:values>
              <rde:AttributeValue index="0">
                <rde:stringValue><![CDATA[MsSql]]></rde:stringValue>
              </rde:AttributeValue>
            </rde:values>
          </rde:Attribute>
          <rde:Attribute>
            <rde:name><![CDATA[lsdbarchiveinstance]]></rde:name>
            <rde:childs is-null="true" />
            <rde:values>
              <rde:AttributeValue index="0">
                <rde:stringValue><![CDATA[rest_archive]]></rde:stringValue>
              </rde:AttributeValue>
            </rde:values>
          </rde:Attribute>
          <rde:Attribute>
            <rde:name><![CDATA[unique_names]]></rde:name>
            <rde:childs is-null="true" />
            <rde:values>
              <rde:AttributeValue index="0">
                <rde:stringValue><![CDATA[false]]></rde:stringValue>
              </rde:AttributeValue>
            </rde:values>
          </rde:Attribute>
          <rde:Attribute>
            <rde:name><![CDATA[lsrepository_type]]></rde:name>
            <rde:childs is-null="true" />
            <rde:values>
              <rde:AttributeValue index="0">
                <rde:stringValue><![CDATA[immediate]]></rde:stringValue>
              </rde:AttributeValue>
            </rde:values>
          </rde:Attribute>
          <rde:Attribute>
            <rde:name><![CDATA[lsarchiverepository_type]]></rde:name>
            <rde:childs is-null="true" />
            <rde:values>
              <rde:AttributeValue index="0">
                <rde:stringValue><![CDATA[immediate]]></rde:stringValue>
              </rde:AttributeValue>
            </rde:values>
          </rde:Attribute>
        </rde:childs>
      </rde:Attribute>
      <rde:Attribute>
        <rde:name><![CDATA[originalDialogDataAttr]]></rde:name>
        <rde:childs>
          <rde:Attribute>
            <rde:name><![CDATA[item-0]]></rde:name>
            <rde:childs>
              <rde:Attribute>
                <rde:name><![CDATA[seq-order]]></rde:name>
                <rde:childs is-null="true" />
                <rde:values>
                  <rde:AttributeValue index="0">
                    <rde:stringValue><![CDATA[0]]></rde:stringValue>
                  </rde:AttributeValue>
                </rde:values>
              </rde:Attribute>
              <rde:Attribute>
                <rde:name><![CDATA[project]]></rde:name>
                <rde:childs is-null="true" />
                <rde:values>
                  <rde:AttributeValue index="0">
                    <rde:stringValue><![CDATA[rest]]></rde:stringValue>
                  </rde:AttributeValue>
                </rde:values>
              </rde:Attribute>
              <rde:Attribute>
                <rde:name><![CDATA[exportProjectArchive]]></rde:name>
                <rde:childs is-null="true" />
                <rde:values>
                  <rde:AttributeValue index="0">
                    <rde:stringValue><![CDATA[true]]></rde:stringValue>
                  </rde:AttributeValue>
                </rde:values>
              </rde:Attribute>
              <rde:Attribute>
                <rde:name><![CDATA[contentStatus]]></rde:name>
                <rde:childs is-null="true" />
                <rde:values>
                  <rde:AttributeValue index="0">
                    <rde:stringValue><![CDATA[contentStatusAll]]></rde:stringValue>
                  </rde:AttributeValue>
                </rde:values>
              </rde:Attribute>
              <rde:Attribute>
                <rde:name><![CDATA[transport_groups]]></rde:name>
                <rde:childs is-null="true" />
                <rde:values>
                  <rde:AttributeValue index="0">
                    <rde:stringValue><![CDATA[]]></rde:stringValue>
                  </rde:AttributeValue>
                </rde:values>
              </rde:Attribute>
              <rde:Attribute>
                <rde:name><![CDATA[selectedGroups]]></rde:name>
                <rde:childs is-null="true" />
                <rde:values>
                  <rde:AttributeValue index="0">
                    <rde:stringValue><![CDATA[]]></rde:stringValue>
                  </rde:AttributeValue>
                </rde:values>
              </rde:Attribute>
              <rde:Attribute>
                <rde:name><![CDATA[importModeOfProjectObjects]]></rde:name>
                <rde:childs is-null="true" />
                <rde:values>
                  <rde:AttributeValue index="0">
                    <rde:stringValue><![CDATA[appendAndOverWriteItems]]></rde:stringValue>
                  </rde:AttributeValue>
                </rde:values>
              </rde:Attribute>
              <rde:Attribute>
                <rde:name><![CDATA[storageLocation]]></rde:name>
                <rde:childs is-null="true" />
                <rde:values>
                  <rde:AttributeValue index="0">
                    <rde:stringValue><![CDATA[interactiveDialog]]></rde:stringValue>
                  </rde:AttributeValue>
                </rde:values>
              </rde:Attribute>
            </rde:childs>
          </rde:Attribute>
        </rde:childs>
      </rde:Attribute>
      <rde:Attribute>
        <rde:name><![CDATA[dialogData]]></rde:name>
        <rde:childs>
          <rde:Attribute>
            <rde:name><![CDATA[project]]></rde:name>
            <rde:childs is-null="true" />
            <rde:values>
              <rde:AttributeValue index="0">
                <rde:stringValue><![CDATA[rest]]></rde:stringValue>
              </rde:AttributeValue>
            </rde:values>
          </rde:Attribute>
          <rde:Attribute>
            <rde:name><![CDATA[exportProjectArchive]]></rde:name>
            <rde:childs is-null="true" />
            <rde:values>
              <rde:AttributeValue index="0">
                <rde:stringValue><![CDATA[true]]></rde:stringValue>
              </rde:AttributeValue>
            </rde:values>
          </rde:Attribute>
          <rde:Attribute>
            <rde:name><![CDATA[contentStatus]]></rde:name>
            <rde:childs is-null="true" />
            <rde:values>
              <rde:AttributeValue index="0">
                <rde:stringValue><![CDATA[contentStatusAll]]></rde:stringValue>
              </rde:AttributeValue>
            </rde:values>
          </rde:Attribute>
          <rde:Attribute>
            <rde:name><![CDATA[updatePeriodFrom]]></rde:name>
            <rde:childs is-null="true" />
            <rde:values>
              <rde:AttributeValue index="0">
                <rde:stringValue><![CDATA[0]]></rde:stringValue>
              </rde:AttributeValue>
            </rde:values>
          </rde:Attribute>
          <rde:Attribute>
            <rde:name><![CDATA[updatePeriodTo]]></rde:name>
            <rde:childs is-null="true" />
            <rde:values>
              <rde:AttributeValue index="0">
                <rde:stringValue><![CDATA[0]]></rde:stringValue>
              </rde:AttributeValue>
            </rde:values>
          </rde:Attribute>
          <rde:Attribute>
            <rde:name><![CDATA[selectedGroups]]></rde:name>
            <rde:childs is-null="true" />
            <rde:values>
              <rde:AttributeValue index="0">
                <rde:stringValue><![CDATA[]]></rde:stringValue>
              </rde:AttributeValue>
            </rde:values>
          </rde:Attribute>
          <rde:Attribute>
            <rde:name><![CDATA[storageLocation]]></rde:name>
            <rde:childs is-null="true" />
            <rde:values>
              <rde:AttributeValue index="0">
                <rde:stringValue><![CDATA[interactiveDialog]]></rde:stringValue>
              </rde:AttributeValue>
            </rde:values>
          </rde:Attribute>
          <rde:Attribute>
            <rde:name><![CDATA[importModeOfProjectObjects]]></rde:name>
            <rde:childs is-null="true" />
            <rde:values>
              <rde:AttributeValue index="0">
                <rde:stringValue><![CDATA[appendAndOverWriteItems]]></rde:stringValue>
              </rde:AttributeValue>
            </rde:values>
          </rde:Attribute>
        </rde:childs>
      </rde:Attribute>
    </rde:childs>
    <rde:parent>
      <rde:Attribute />
    </rde:parent>
  </rde:Attribute>
</rde-idea:attribute>