<?xml version="1.0" encoding="UTF-8"?>

<rde-idea:attribute model-version="4.0" name="rest" version="4.0.1" xmlns:fo="http://www.w3.org/1999/XSL/Format" xmlns:rde="http://www.reddot.de/rde/ns" xmlns:rde-dm="http://www.reddot.de/rde/ns/dm" xmlns:rde-fdl="http://www.reddot.de/rde/ns/fdl" xmlns:rde-idea="http://www.reddot.de/rde/ns/idea" xmlns:rde-rd="http://www.reddot.de/2000/rde/rd" xmlns:rde-rdf="http://www.reddot.de/rde/ns/rdf" xmlns:rde-xmaps="http://www.reddot.de/rde/ns/xmaps" xmlns:rdf="http://www.w3.org/TR/REC-rdf-syntax/" xmlns:xsl="http://www.w3.org/1999/XSL/Transform" xmlns:xsl-template="http://www.reddot.de/rde/ns/template">
  <rde:Attribute>
    <rde:name><![CDATA[rest]]></rde:name>
    <rde:childs>
      <rde:Attribute>
        <rde:name><![CDATA[description]]></rde:name>
        <rde:childs is-null="true" />
        <rde:values>
          <rde:AttributeValue index="0">
            <rde:stringValue><![CDATA[REST API test connector]]></rde:stringValue>
          </rde:AttributeValue>
        </rde:values>
      </rde:Attribute>
      <rde:Attribute>
        <rde:name><![CDATA[ConnectorType]]></rde:name>
        <rde:childs is-null="true" />
        <rde:values>
          <rde:AttributeValue index="0">
            <rde:stringValue><![CDATA[INTERNAL]]></rde:stringValue>
          </rde:AttributeValue>
        </rde:values>
      </rde:Attribute>
      <rde:Attribute>
        <rde:name><![CDATA[ConnectorActive]]></rde:name>
        <rde:childs is-null="true" />
        <rde:values>
          <rde:AttributeValue index="0">
            <rde:stringValue><![CDATA[true]]></rde:stringValue>
          </rde:AttributeValue>
        </rde:values>
      </rde:Attribute>
      <rde:Attribute>
        <rde:name><![CDATA[TypeMarker]]></rde:name>
        <rde:childs is-null="true" />
        <rde:values>
          <rde:AttributeValue index="0">
            <rde:stringValue><![CDATA[INTERNAL]]></rde:stringValue>
          </rde:AttributeValue>
        </rde:values>
      </rde:Attribute>
      <rde:Attribute>
        <rde:name><![CDATA[driver]]></rde:name>
        <rde:childs is-null="true" />
        <rde:values>
          <rde:AttributeValue index="0">
            <rde:stringValue><![CDATA[com.microsoft.sqlserver.jdbc.SQLServerDriver]]></rde:stringValue>
          </rde:AttributeValue>
        </rde:values>
      </rde:Attribute>
      <rde:Attribute>
        <rde:name><![CDATA[url]]></rde:name>
        <rde:childs is-null="true" />
        <rde:values>
          <rde:AttributeValue index="0">
            <rde:stringValue><![CDATA[jdbc:sqlserver://SVRWW003\DELIVERYSERVER;databaseName=ds_supplementary_db]]></rde:stringValue>
          </rde:AttributeValue>
        </rde:values>
      </rde:Attribute>
      <rde:Attribute>
        <rde:name><![CDATA[authentication]]></rde:name>
        <rde:childs is-null="true" />
        <rde:values>
          <rde:AttributeValue index="0">
            <rde:stringValue><![CDATA[static]]></rde:stringValue>
          </rde:AttributeValue>
        </rde:values>
      </rde:Attribute>
      <rde:Attribute>
        <rde:name><![CDATA[login]]></rde:name>
        <rde:childs is-null="true" />
        <rde:values>
          <rde:AttributeValue index="0">
            <rde:stringValue><![CDATA[rest]]></rde:stringValue>
          </rde:AttributeValue>
        </rde:values>
      </rde:Attribute>
      <rde:Attribute>
        <rde:name><![CDATA[password]]></rde:name>
        <rde:passwordFlag>true</rde:passwordFlag>
        <rde:childs is-null="true" />
        <rde:values>
          <rde:AttributeValue index="0">
            <rde:stringValue><![CDATA[restpwd]]></rde:stringValue>
          </rde:AttributeValue>
        </rde:values>
      </rde:Attribute>
      <rde:Attribute>
        <rde:name><![CDATA[userattr-login]]></rde:name>
        <rde:childs is-null="true" />
        <rde:values>
          <rde:AttributeValue index="0">
            <rde:stringValue><![CDATA[]]></rde:stringValue>
          </rde:AttributeValue>
        </rde:values>
      </rde:Attribute>
      <rde:Attribute>
        <rde:name><![CDATA[userattr-passw]]></rde:name>
        <rde:childs is-null="true" />
        <rde:values>
          <rde:AttributeValue index="0">
            <rde:stringValue><![CDATA[]]></rde:stringValue>
          </rde:AttributeValue>
        </rde:values>
      </rde:Attribute>
      <rde:Attribute>
        <rde:name><![CDATA[maxresults]]></rde:name>
        <rde:childs is-null="true" />
        <rde:values>
          <rde:AttributeValue index="0">
            <rde:stringValue><![CDATA[256]]></rde:stringValue>
            <rde:longValue>256</rde:longValue>
          </rde:AttributeValue>
        </rde:values>
      </rde:Attribute>
      <rde:Attribute>
        <rde:name><![CDATA[poolMaximumConnections]]></rde:name>
        <rde:childs is-null="true" />
        <rde:values>
          <rde:AttributeValue index="0">
            <rde:stringValue><![CDATA[75]]></rde:stringValue>
            <rde:longValue>75</rde:longValue>
          </rde:AttributeValue>
        </rde:values>
      </rde:Attribute>
      <rde:Attribute>
        <rde:name><![CDATA[poolMinimumInactiveConns]]></rde:name>
        <rde:childs is-null="true" />
        <rde:values>
          <rde:AttributeValue index="0">
            <rde:stringValue><![CDATA[5]]></rde:stringValue>
            <rde:longValue>5</rde:longValue>
          </rde:AttributeValue>
        </rde:values>
      </rde:Attribute>
      <rde:Attribute>
        <rde:name><![CDATA[poolMaximumInactiveConns]]></rde:name>
        <rde:childs is-null="true" />
        <rde:values>
          <rde:AttributeValue index="0">
            <rde:stringValue><![CDATA[10]]></rde:stringValue>
            <rde:longValue>10</rde:longValue>
          </rde:AttributeValue>
        </rde:values>
      </rde:Attribute>
      <rde:Attribute>
        <rde:name><![CDATA[poolMaximumConnWait]]></rde:name>
        <rde:childs is-null="true" />
        <rde:values>
          <rde:AttributeValue index="0">
            <rde:stringValue><![CDATA[20]]></rde:stringValue>
            <rde:longValue>20</rde:longValue>
          </rde:AttributeValue>
        </rde:values>
      </rde:Attribute>
      <rde:Attribute>
        <rde:name><![CDATA[poolMaximumIdleTimeout]]></rde:name>
        <rde:childs is-null="true" />
        <rde:values>
          <rde:AttributeValue index="0">
            <rde:stringValue><![CDATA[20]]></rde:stringValue>
            <rde:longValue>20</rde:longValue>
          </rde:AttributeValue>
        </rde:values>
      </rde:Attribute>
      <rde:Attribute>
        <rde:name><![CDATA[poolValidationQuery]]></rde:name>
        <rde:childs is-null="true" />
        <rde:values>
          <rde:AttributeValue index="0">
            <rde:stringValue><![CDATA[SELECT 1]]></rde:stringValue>
          </rde:AttributeValue>
        </rde:values>
      </rde:Attribute>
      <rde:Attribute>
        <rde:name><![CDATA[poolActiveLogging]]></rde:name>
        <rde:childs is-null="true" />
        <rde:values>
          <rde:AttributeValue index="0">
            <rde:stringValue><![CDATA[false]]></rde:stringValue>
          </rde:AttributeValue>
        </rde:values>
      </rde:Attribute>
      <rde:Attribute>
        <rde:name><![CDATA[PoolActive]]></rde:name>
        <rde:childs is-null="true" />
        <rde:values>
          <rde:AttributeValue index="0">
            <rde:stringValue><![CDATA[false]]></rde:stringValue>
          </rde:AttributeValue>
        </rde:values>
      </rde:Attribute>
      <rde:Attribute>
        <rde:name><![CDATA[recentQuery]]></rde:name>
        <rde:childs is-null="true" />
        <rde:values>
          <rde:AttributeValue index="0">
            <rde:stringValue><![CDATA[select * from restest]]></rde:stringValue>
          </rde:AttributeValue>
        </rde:values>
      </rde:Attribute>
      <rde:Attribute>
        <rde:name><![CDATA[maxresultsSQL]]></rde:name>
        <rde:childs is-null="true" />
        <rde:values>
          <rde:AttributeValue index="0">
            <rde:stringValue><![CDATA[10]]></rde:stringValue>
            <rde:longValue>10</rde:longValue>
          </rde:AttributeValue>
        </rde:values>
      </rde:Attribute>
      <rde:Attribute>
        <rde:name><![CDATA[poolActualActiveConns]]></rde:name>
        <rde:childs is-null="true" />
      </rde:Attribute>
      <rde:Attribute>
        <rde:name><![CDATA[poolActualInactiveConns]]></rde:name>
        <rde:childs is-null="true" />
      </rde:Attribute>
      <rde:Attribute>
        <rde:name><![CDATA[attr_protected]]></rde:name>
        <rde:childs is-null="true" />
        <rde:values>
          <rde:AttributeValue index="0">
            <rde:stringValue><![CDATA[true]]></rde:stringValue>
          </rde:AttributeValue>
        </rde:values>
      </rde:Attribute>
    </rde:childs>
    <rde:parent>
      <rde:Attribute>
        <rde:name><![CDATA[services]]></rde:name>
        <rde:parent>
          <rde:Attribute>
            <rde:name><![CDATA[rdb]]></rde:name>
            <rde:parent>
              <rde:Attribute>
                <rde:name><![CDATA[idea]]></rde:name>
                <rde:parent>
                  <rde:Attribute>
                    <rde:name><![CDATA[reddot]]></rde:name>
                    <rde:parent>
                      <rde:Attribute>
                        <rde:name><![CDATA[]]></rde:name>
                      </rde:Attribute>
                    </rde:parent>
                  </rde:Attribute>
                </rde:parent>
              </rde:Attribute>
            </rde:parent>
          </rde:Attribute>
        </rde:parent>
      </rde:Attribute>
    </rde:parent>
  </rde:Attribute>
</rde-idea:attribute>