<helper>
  <!--
  # Response Type #
  -->
  <!-- Setting default response mime type to XML -->
  <rde-dm:attribute mode="write" attribute="request:rdeResponseMimetype" op="set" value="text/xml"/>

  <!--
  The rewrite rules play a key part here in that they add the format request parameter to the request query string
  DB Update: we could do away with this passed parameter by analysing the XSL Stylesheet name being used.
  -->
  <rde-dm:attribute mode="condition" source="request" attribute="format" op="contains" value="xml">
     <rde-dm:attribute mode="write" attribute="request:rdeResponseMimetype" op="set" value="text/xml"/>
  </rde-dm:attribute>
  <rde-dm:attribute mode="condition" source="request" attribute="format" op="contains" value="json">
     <rde-dm:attribute mode="write" attribute="request:rdeResponseMimetype" op="set" value="application/json"/>
  </rde-dm:attribute>

  <!-- security block - optionally disable for testing -->
  <rde-dm:attribute mode="condition">
		<rde-dm:constraint>(user:rde-roles containsany "APIUser")or ((request:noauthentication eq "true") and (request:safetycode eq "EC81DC7D-106768CE")and (session:safetycode eq "EC81DC7D-106768CF"))</rde-dm:constraint>
		<!--
			authenticationStatus=3
			rde-roles containsany (semi colon delimited list)
			rde-groups containsany (semi colon delimited list)
                        request:noauthentication eq true and request:safetycode eq EC81DC7D-106768CE
		-->
		<rde-dm:if><!-- do nothing --></rde-dm:if>
		<rde-dm:else>User is un-authenticated for an operation where authentication is required.
                   <rde-dm:attribute mode="write" attribute="request:rest.project.error" op="set" value="nonauth" />
                   <rde-dm:process mode="break" control-id="nonauth" />
                   <!-- check if username submitted for login -->
                </rde-dm:else>
  </rde-dm:attribute>
	
  <!-- Other stuff -->
  <!-- For this environment, we are wanting to use the solex_development project as our main focal project -->
  <rde-dm:attribute mode="write" attribute="request:rest.project.id" op="set" value="solex_development" />
  
</helper>