<?xml version="1.0" encoding="UTF-8"?>

<rde-idea:attribute model-version="4.0" name="host" version="4.0.1" xmlns:fo="http://www.w3.org/1999/XSL/Format" xmlns:rde="http://www.reddot.de/rde/ns" xmlns:rde-dm="http://www.reddot.de/rde/ns/dm" xmlns:rde-fdl="http://www.reddot.de/rde/ns/fdl" xmlns:rde-idea="http://www.reddot.de/rde/ns/idea" xmlns:rde-rd="http://www.reddot.de/2000/rde/rd" xmlns:rde-rdf="http://www.reddot.de/rde/ns/rdf" xmlns:rde-xmaps="http://www.reddot.de/rde/ns/xmaps" xmlns:rdf="http://www.w3.org/TR/REC-rdf-syntax/" xmlns:xsl="http://www.w3.org/1999/XSL/Transform" xmlns:xsl-template="http://www.reddot.de/rde/ns/template">
  <rde:Attribute>
    <rde:name><![CDATA[host]]></rde:name>
    <rde:childs is-null="true" />
    <rde:parent>
      <rde:Attribute>
        <rde:name><![CDATA[api]]></rde:name>
        <rde:parent>
          <rde:Attribute>
            <rde:name><![CDATA[]]></rde:name>
          </rde:Attribute>
        </rde:parent>
      </rde:Attribute>
    </rde:parent>
    <rde:values>
      <rde:AttributeValue index="0">
        <rde:stringValue><![CDATA[http://88.79.227.168]]></rde:stringValue>
      </rde:AttributeValue>
    </rde:values>
  </rde:Attribute>
</rde-idea:attribute>