<?xml version="1.0" encoding="UTF-8"?>
<rde-idea:attribute model-version="4.0" name="" xmlns:fo="http://www.w3.org/1999/XSL/Format" xmlns:rde="http://www.reddot.de/rde/ns" xmlns:rde-dm="http://www.reddot.de/rde/ns/dm" xmlns:rde-fdl="http://www.reddot.de/rde/ns/fdl" xmlns:rde-idea="http://www.reddot.de/rde/ns/idea" xmlns:rde-rd="http://www.reddot.de/2000/rde/rd" xmlns:rde-rdf="http://www.reddot.de/rde/ns/rdf" xmlns:rde-xmaps="http://www.reddot.de/rde/ns/xmaps" xmlns:rdf="http://www.w3.org/TR/REC-rdf-syntax/" xmlns:xsl="http://www.w3.org/1999/XSL/Transform" xmlns:xsl-template="http://www.reddot.de/rde/ns/template">
  <rde:Attribute>
    <rde:childs>
      <rde:Attribute>
        <rde:name><![CDATA[name]]></rde:name>
        <rde:childs is-null="true" />
        <rde:values>
          <rde:AttributeValue index="0">
            <rde:stringValue><![CDATA[rest-rule1]]></rde:stringValue>
          </rde:AttributeValue>
        </rde:values>
      </rde:Attribute>
      <rde:Attribute>
        <rde:name><![CDATA[description]]></rde:name>
        <rde:childs is-null="true" />
        <rde:values>
          <rde:AttributeValue index="0">
            <rde:stringValue><![CDATA[]]></rde:stringValue>
          </rde:AttributeValue>
        </rde:values>
      </rde:Attribute>
      <rde:Attribute>
        <rde:name><![CDATA[date]]></rde:name>
        <rde:childs is-null="true" />
        <rde:values>
          <rde:AttributeValue index="0">
            <rde:stringValue><![CDATA[1290198491016]]></rde:stringValue>
          </rde:AttributeValue>
        </rde:values>
      </rde:Attribute>
      <rde:Attribute>
        <rde:name><![CDATA[path]]></rde:name>
        <rde:childs is-null="true" />
        <rde:values>
          <rde:AttributeValue index="0">
            <rde:stringValue><![CDATA[reddot.idea.configuration.request.request-controller-entry.item-2]]></rde:stringValue>
          </rde:AttributeValue>
        </rde:values>
      </rde:Attribute>
      <rde:Attribute>
        <rde:name><![CDATA[export]]></rde:name>
        <rde:childs>
          <rde:Attribute>
            <rde:name><![CDATA[item-2]]></rde:name>
            <rde:childs>
              <rde:Attribute>
                <rde:name><![CDATA[seq-order]]></rde:name>
                <rde:childs is-null="true" />
                <rde:values>
                  <rde:AttributeValue index="0">
                    <rde:stringValue><![CDATA[0]]></rde:stringValue>
                  </rde:AttributeValue>
                </rde:values>
              </rde:Attribute>
              <rde:Attribute>
                <rde:name><![CDATA[request-controller-reqgex]]></rde:name>
                <rde:childs is-null="true" />
                <rde:values>
                  <rde:AttributeValue index="0">
                    <rde:stringValue><![CDATA[/cps/rde/xfw2/rest/html/([\-\w\/]*)]]></rde:stringValue>
                  </rde:AttributeValue>
                </rde:values>
              </rde:Attribute>
              <rde:Attribute>
                <rde:name><![CDATA[request-controller-pattern]]></rde:name>
                <rde:childs is-null="true" />
                <rde:values>
                  <rde:AttributeValue index="0">
                    <rde:stringValue><![CDATA[xchg/rest/html/[#context:1#]]]></rde:stringValue>
                  </rde:AttributeValue>
                </rde:values>
              </rde:Attribute>
            </rde:childs>
          </rde:Attribute>
        </rde:childs>
      </rde:Attribute>
    </rde:childs>
  </rde:Attribute>
</rde-idea:attribute>