<?xml version="1.0" encoding="UTF-8"?>
<rde-idea:meta version="4.0.1" xmlns:rde-dm="http://www.reddot.de/rde/ns/dm" xmlns:rde-fdl="http://www.reddot.de/rde/ns/fdl" xmlns:rde-idea="http://www.reddot.de/rde/ns/idea" xmlns:rde-rd="http://www.reddot.de/2000/rde/rd" xmlns:rde-xmaps="http://www.reddot.de/rde/ns/xmaps" xmlns:xsl="http://www.w3.org/1999/XSL/Transform" xmlns:xsl-template="http://www.reddot.de/rde/ns/template">
  <rde-idea:project>rest</rde-idea:project>
  <rde-idea:errors>0</rde-idea:errors>
  <rde-idea:warnings>0</rde-idea:warnings>
  <rde-idea:objects>62</rde-idea:objects>
  <rde-idea:mode>0</rde-idea:mode>
  <rde-idea:name><![CDATA[default_20101119_155241]]></rde-idea:name>
  <rde-idea:start-time>1290199964438</rde-idea:start-time>
  <rde-idea:user><![CDATA[admin]]></rde-idea:user>
  <rde-idea:description><![CDATA[default_20101119_155241]]></rde-idea:description>
  <rde-idea:from-time desc="Nov 19, 2010 3:52:44 PM">0</rde-idea:from-time>
  <rde-idea:to-time desc="Nov 19, 2010 3:52:48 PM">1290199968829</rde-idea:to-time>
  <rde-idea:attributes>
    <rde-idea:attribute model-version="4.0" name="description" xmlns:rde="http://www.reddot.de/rde/ns">
      <rde:Attribute>
        <rde:name><![CDATA[description]]></rde:name>
        <rde:childs is-null="true" />
        <rde:values>
          <rde:AttributeValue index="0">
            <rde:stringValue><![CDATA[DSaaS Rest API]]></rde:stringValue>
          </rde:AttributeValue>
        </rde:values>
      </rde:Attribute>
    </rde-idea:attribute>
    <rde-idea:attribute model-version="4.0" name="default" xmlns:rde="http://www.reddot.de/rde/ns">
      <rde:Attribute>
        <rde:name><![CDATA[default]]></rde:name>
        <rde:childs>
          <rde:Attribute>
            <rde:name><![CDATA[document]]></rde:name>
            <rde:childs is-null="true" />
            <rde:values>
              <rde:AttributeValue index="0">
                <rde:stringValue><![CDATA[qunit.html]]></rde:stringValue>
              </rde:AttributeValue>
            </rde:values>
          </rde:Attribute>
          <rde:Attribute>
            <rde:name><![CDATA[stylesheet]]></rde:name>
            <rde:childs is-null="true" />
            <rde:values>
              <rde:AttributeValue index="0">
                <rde:stringValue><![CDATA[html]]></rde:stringValue>
              </rde:AttributeValue>
            </rde:values>
          </rde:Attribute>
          <rde:Attribute>
            <rde:name><![CDATA[leasing_time]]></rde:name>
            <rde:childs is-null="true" />
            <rde:values>
              <rde:AttributeValue index="0">
                <rde:stringValue><![CDATA[0]]></rde:stringValue>
              </rde:AttributeValue>
            </rde:values>
          </rde:Attribute>
          <rde:Attribute>
            <rde:name><![CDATA[cachingtime_search]]></rde:name>
            <rde:childs is-null="true" />
            <rde:values>
              <rde:AttributeValue index="0">
                <rde:stringValue><![CDATA[10]]></rde:stringValue>
                <rde:longValue>10</rde:longValue>
              </rde:AttributeValue>
            </rde:values>
          </rde:Attribute>
          <rde:Attribute>
            <rde:name><![CDATA[cachingtime_target]]></rde:name>
            <rde:childs is-null="true" />
            <rde:values>
              <rde:AttributeValue index="0">
                <rde:stringValue><![CDATA[10]]></rde:stringValue>
                <rde:longValue>10</rde:longValue>
              </rde:AttributeValue>
            </rde:values>
          </rde:Attribute>
          <rde:Attribute>
            <rde:name><![CDATA[locale]]></rde:name>
            <rde:childs is-null="true" />
            <rde:values>
              <rde:AttributeValue index="0">
                <rde:stringValue><![CDATA[en]]></rde:stringValue>
              </rde:AttributeValue>
            </rde:values>
          </rde:Attribute>
        </rde:childs>
      </rde:Attribute>
    </rde-idea:attribute>
    <rde-idea:attribute model-version="4.0" name="locales" xmlns:rde="http://www.reddot.de/rde/ns">
      <rde:Attribute>
        <rde:name><![CDATA[locales]]></rde:name>
        <rde:childs is-null="true" />
        <rde:values>
          <rde:AttributeValue index="0">
            <rde:stringValue><![CDATA[en]]></rde:stringValue>
          </rde:AttributeValue>
        </rde:values>
      </rde:Attribute>
    </rde-idea:attribute>
    <rde-idea:attribute model-version="4.0" name="archive" xmlns:rde="http://www.reddot.de/rde/ns">
      <rde:Attribute>
        <rde:name><![CDATA[archive]]></rde:name>
        <rde:childs>
          <rde:Attribute>
            <rde:name><![CDATA[depth]]></rde:name>
            <rde:childs is-null="true" />
            <rde:values>
              <rde:AttributeValue index="0">
                <rde:stringValue><![CDATA[-1]]></rde:stringValue>
                <rde:longValue>-1</rde:longValue>
              </rde:AttributeValue>
            </rde:values>
          </rde:Attribute>
        </rde:childs>
      </rde:Attribute>
    </rde-idea:attribute>
    <rde-idea:attribute model-version="4.0" name="dynament_security_name" xmlns:rde="http://www.reddot.de/rde/ns">
      <rde:Attribute>
        <rde:name><![CDATA[dynament_security_name]]></rde:name>
        <rde:childs is-null="true" />
        <rde:values>
          <rde:AttributeValue index="0">
            <rde:stringValue><![CDATA[]]></rde:stringValue>
          </rde:AttributeValue>
        </rde:values>
      </rde:Attribute>
    </rde-idea:attribute>
    <rde-idea:attribute model-version="4.0" name="unique_names" xmlns:rde="http://www.reddot.de/rde/ns">
      <rde:Attribute>
        <rde:name><![CDATA[unique_names]]></rde:name>
        <rde:childs is-null="true" />
        <rde:values>
          <rde:AttributeValue index="0">
            <rde:stringValue><![CDATA[false]]></rde:stringValue>
          </rde:AttributeValue>
        </rde:values>
      </rde:Attribute>
    </rde-idea:attribute>
    <rde-idea:attribute model-version="4.0" name="ndsauthentication" xmlns:rde="http://www.reddot.de/rde/ns">
      <rde:Attribute>
        <rde:name><![CDATA[ndsauthentication]]></rde:name>
        <rde:childs is-null="true" />
        <rde:values>
          <rde:AttributeValue index="0">
            <rde:stringValue><![CDATA[]]></rde:stringValue>
          </rde:AttributeValue>
        </rde:values>
      </rde:Attribute>
    </rde-idea:attribute>
    <rde-idea:attribute model-version="4.0" name="cookies" xmlns:rde="http://www.reddot.de/rde/ns">
      <rde:Attribute>
        <rde:name><![CDATA[cookies]]></rde:name>
        <rde:childs>
          <rde:Attribute>
            <rde:name><![CDATA[auth-cookie]]></rde:name>
            <rde:childs is-null="true" />
            <rde:values>
              <rde:AttributeValue index="0">
                <rde:stringValue><![CDATA[false]]></rde:stringValue>
              </rde:AttributeValue>
            </rde:values>
          </rde:Attribute>
          <rde:Attribute>
            <rde:name><![CDATA[auth-sso-cookie]]></rde:name>
            <rde:childs is-null="true" />
            <rde:values>
              <rde:AttributeValue index="0">
                <rde:stringValue><![CDATA[false]]></rde:stringValue>
              </rde:AttributeValue>
            </rde:values>
          </rde:Attribute>
          <rde:Attribute>
            <rde:name><![CDATA[enabled]]></rde:name>
            <rde:childs is-null="true" />
            <rde:values>
              <rde:AttributeValue index="0">
                <rde:stringValue><![CDATA[false]]></rde:stringValue>
              </rde:AttributeValue>
            </rde:values>
          </rde:Attribute>
          <rde:Attribute>
            <rde:name><![CDATA[sessionid-cookie]]></rde:name>
            <rde:childs is-null="true" />
            <rde:values>
              <rde:AttributeValue index="0">
                <rde:stringValue><![CDATA[false]]></rde:stringValue>
              </rde:AttributeValue>
            </rde:values>
          </rde:Attribute>
          <rde:Attribute>
            <rde:name><![CDATA[sessionid-cookie-format]]></rde:name>
            <rde:childs is-null="true" />
            <rde:values>
              <rde:AttributeValue index="0">
                <rde:stringValue><![CDATA[]]></rde:stringValue>
              </rde:AttributeValue>
            </rde:values>
          </rde:Attribute>
          <rde:Attribute>
            <rde:name><![CDATA[sessionid-cookie-path]]></rde:name>
            <rde:childs is-null="true" />
            <rde:values>
              <rde:AttributeValue index="0">
                <rde:stringValue><![CDATA[]]></rde:stringValue>
              </rde:AttributeValue>
            </rde:values>
          </rde:Attribute>
          <rde:Attribute>
            <rde:name><![CDATA[auth-cookie-format]]></rde:name>
            <rde:childs is-null="true" />
            <rde:values>
              <rde:AttributeValue index="0">
                <rde:stringValue><![CDATA[]]></rde:stringValue>
              </rde:AttributeValue>
            </rde:values>
          </rde:Attribute>
          <rde:Attribute>
            <rde:name><![CDATA[auth-cookie-path]]></rde:name>
            <rde:childs is-null="true" />
            <rde:values>
              <rde:AttributeValue index="0">
                <rde:stringValue><![CDATA[]]></rde:stringValue>
              </rde:AttributeValue>
            </rde:values>
          </rde:Attribute>
          <rde:Attribute>
            <rde:name><![CDATA[auth-cookie-maxage]]></rde:name>
            <rde:childs is-null="true" />
            <rde:values>
              <rde:AttributeValue index="0">
                <rde:stringValue><![CDATA[]]></rde:stringValue>
              </rde:AttributeValue>
            </rde:values>
          </rde:Attribute>
          <rde:Attribute>
            <rde:name><![CDATA[cookie-path]]></rde:name>
            <rde:childs is-null="true" />
            <rde:values>
              <rde:AttributeValue index="0">
                <rde:stringValue><![CDATA[]]></rde:stringValue>
              </rde:AttributeValue>
            </rde:values>
          </rde:Attribute>
        </rde:childs>
      </rde:Attribute>
    </rde-idea:attribute>
    <rde-idea:attribute model-version="4.0" name="multiplicity" xmlns:rde="http://www.reddot.de/rde/ns">
      <rde:Attribute>
        <rde:name><![CDATA[multiplicity]]></rde:name>
        <rde:childs is-null="true" />
        <rde:values>
          <rde:AttributeValue index="0">
            <rde:stringValue><![CDATA[]]></rde:stringValue>
          </rde:AttributeValue>
        </rde:values>
      </rde:Attribute>
    </rde-idea:attribute>
    <rde-idea:attribute model-version="4.0" name="clientCookieMethod" xmlns:rde="http://www.reddot.de/rde/ns">
      <rde:Attribute>
        <rde:name><![CDATA[clientCookieMethod]]></rde:name>
        <rde:childs is-null="true" />
        <rde:values>
          <rde:AttributeValue index="0">
            <rde:stringValue><![CDATA[]]></rde:stringValue>
          </rde:AttributeValue>
        </rde:values>
      </rde:Attribute>
    </rde-idea:attribute>
    <rde-idea:attribute model-version="4.0" name="floating-sessions-inheritfromsystem" xmlns:rde="http://www.reddot.de/rde/ns">
      <rde:Attribute>
        <rde:name><![CDATA[floating-sessions-inheritfromsystem]]></rde:name>
        <rde:childs is-null="true" />
        <rde:values>
          <rde:AttributeValue index="0">
            <rde:stringValue><![CDATA[false]]></rde:stringValue>
          </rde:AttributeValue>
        </rde:values>
      </rde:Attribute>
    </rde-idea:attribute>
    <rde-idea:attribute model-version="4.0" name="floating-sessions-allow" xmlns:rde="http://www.reddot.de/rde/ns">
      <rde:Attribute>
        <rde:name><![CDATA[floating-sessions-allow]]></rde:name>
        <rde:childs is-null="true" />
        <rde:values>
          <rde:AttributeValue index="0">
            <rde:stringValue><![CDATA[false]]></rde:stringValue>
          </rde:AttributeValue>
        </rde:values>
      </rde:Attribute>
    </rde-idea:attribute>
    <rde-idea:attribute model-version="4.0" name="floating-sessions-allowwithjsessionid" xmlns:rde="http://www.reddot.de/rde/ns">
      <rde:Attribute>
        <rde:name><![CDATA[floating-sessions-allowwithjsessionid]]></rde:name>
        <rde:childs is-null="true" />
        <rde:values>
          <rde:AttributeValue index="0">
            <rde:stringValue><![CDATA[false]]></rde:stringValue>
          </rde:AttributeValue>
        </rde:values>
      </rde:Attribute>
    </rde-idea:attribute>
    <rde-idea:attribute model-version="4.0" name="floating-sessions-noparallelrequest" xmlns:rde="http://www.reddot.de/rde/ns">
      <rde:Attribute>
        <rde:name><![CDATA[floating-sessions-noparallelrequest]]></rde:name>
        <rde:childs is-null="true" />
        <rde:values>
          <rde:AttributeValue index="0">
            <rde:stringValue><![CDATA[false]]></rde:stringValue>
          </rde:AttributeValue>
        </rde:values>
      </rde:Attribute>
    </rde-idea:attribute>
    <rde-idea:attribute model-version="4.0" name="sessionrules-initialize-anonymous" xmlns:rde="http://www.reddot.de/rde/ns">
      <rde:Attribute>
        <rde:name><![CDATA[sessionrules-initialize-anonymous]]></rde:name>
        <rde:childs is-null="true" />
        <rde:values>
          <rde:AttributeValue index="0">
            <rde:stringValue><![CDATA[false]]></rde:stringValue>
          </rde:AttributeValue>
        </rde:values>
      </rde:Attribute>
    </rde-idea:attribute>
    <rde-idea:attribute model-version="4.0" name="sessionrules-anonymous-only" xmlns:rde="http://www.reddot.de/rde/ns">
      <rde:Attribute>
        <rde:name><![CDATA[sessionrules-anonymous-only]]></rde:name>
        <rde:childs is-null="true" />
        <rde:values>
          <rde:AttributeValue index="0">
            <rde:stringValue><![CDATA[false]]></rde:stringValue>
          </rde:AttributeValue>
        </rde:values>
      </rde:Attribute>
    </rde-idea:attribute>
    <rde-idea:attribute model-version="4.0" name="sessionrules-criterion-ip" xmlns:rde="http://www.reddot.de/rde/ns">
      <rde:Attribute>
        <rde:name><![CDATA[sessionrules-criterion-ip]]></rde:name>
        <rde:childs is-null="true" />
        <rde:values>
          <rde:AttributeValue index="0">
            <rde:stringValue><![CDATA[false]]></rde:stringValue>
          </rde:AttributeValue>
        </rde:values>
      </rde:Attribute>
    </rde-idea:attribute>
    <rde-idea:attribute model-version="4.0" name="sessionrules-criterion-jsessionid" xmlns:rde="http://www.reddot.de/rde/ns">
      <rde:Attribute>
        <rde:name><![CDATA[sessionrules-criterion-jsessionid]]></rde:name>
        <rde:childs is-null="true" />
        <rde:values>
          <rde:AttributeValue index="0">
            <rde:stringValue><![CDATA[false]]></rde:stringValue>
          </rde:AttributeValue>
        </rde:values>
      </rde:Attribute>
    </rde-idea:attribute>
    <rde-idea:attribute model-version="4.0" name="header-sel-entry" xmlns:rde="http://www.reddot.de/rde/ns">
      <rde:Attribute>
        <rde:name><![CDATA[header-sel-entry]]></rde:name>
        <rde:childs is-null="true" />
        <rde:values>
          <rde:AttributeValue index="0">
            <rde:stringValue><![CDATA[cis-dyndialogue]]></rde:stringValue>
          </rde:AttributeValue>
        </rde:values>
      </rde:Attribute>
    </rde-idea:attribute>
    <rde-idea:attribute model-version="4.0" name="cookie-sel-entry" xmlns:rde="http://www.reddot.de/rde/ns">
      <rde:Attribute>
        <rde:name><![CDATA[cookie-sel-entry]]></rde:name>
        <rde:childs is-null="true" />
        <rde:values>
          <rde:AttributeValue index="0">
            <rde:stringValue><![CDATA[cis-dyndialogue]]></rde:stringValue>
          </rde:AttributeValue>
        </rde:values>
      </rde:Attribute>
    </rde-idea:attribute>
    <rde-idea:attribute model-version="4.0" name="requestparam-sel-entry" xmlns:rde="http://www.reddot.de/rde/ns">
      <rde:Attribute>
        <rde:name><![CDATA[requestparam-sel-entry]]></rde:name>
        <rde:childs is-null="true" />
        <rde:values>
          <rde:AttributeValue index="0">
            <rde:stringValue><![CDATA[cis-dyndialogue]]></rde:stringValue>
          </rde:AttributeValue>
        </rde:values>
      </rde:Attribute>
    </rde-idea:attribute>
    <rde-idea:attribute model-version="4.0" name="servletsession-sel-entry" xmlns:rde="http://www.reddot.de/rde/ns">
      <rde:Attribute>
        <rde:name><![CDATA[servletsession-sel-entry]]></rde:name>
        <rde:childs is-null="true" />
        <rde:values>
          <rde:AttributeValue index="0">
            <rde:stringValue><![CDATA[cis-dyndialogue]]></rde:stringValue>
          </rde:AttributeValue>
        </rde:values>
      </rde:Attribute>
    </rde-idea:attribute>
    <rde-idea:attribute model-version="4.0" name="weblet-sel-entry" xmlns:rde="http://www.reddot.de/rde/ns">
      <rde:Attribute>
        <rde:name><![CDATA[weblet-sel-entry]]></rde:name>
        <rde:childs is-null="true" />
        <rde:values>
          <rde:AttributeValue index="0">
            <rde:stringValue><![CDATA[cis-dyndialogue]]></rde:stringValue>
          </rde:AttributeValue>
        </rde:values>
      </rde:Attribute>
    </rde-idea:attribute>
    <rde-idea:attribute model-version="4.0" name="no-se-index" xmlns:rde="http://www.reddot.de/rde/ns">
      <rde:Attribute>
        <rde:name><![CDATA[no-se-index]]></rde:name>
        <rde:childs is-null="true" />
        <rde:values>
          <rde:AttributeValue index="0">
            <rde:stringValue><![CDATA[false]]></rde:stringValue>
          </rde:AttributeValue>
        </rde:values>
      </rde:Attribute>
    </rde-idea:attribute>
    <rde-idea:attribute model-version="4.0" name="indexing-connectors-dontuse" xmlns:rde="http://www.reddot.de/rde/ns">
      <rde:Attribute>
        <rde:name><![CDATA[indexing-connectors-dontuse]]></rde:name>
        <rde:childs is-null="true" />
        <rde:values>
          <rde:AttributeValue index="0">
            <rde:stringValue><![CDATA[false]]></rde:stringValue>
          </rde:AttributeValue>
        </rde:values>
      </rde:Attribute>
    </rde-idea:attribute>
    <rde-idea:attribute model-version="4.0" name="localePolicySearchEngine" xmlns:rde="http://www.reddot.de/rde/ns">
      <rde:Attribute>
        <rde:name><![CDATA[localePolicySearchEngine]]></rde:name>
        <rde:childs is-null="true" />
        <rde:values>
          <rde:AttributeValue index="0">
            <rde:stringValue><![CDATA[any]]></rde:stringValue>
          </rde:AttributeValue>
        </rde:values>
      </rde:Attribute>
    </rde-idea:attribute>
    <rde-idea:attribute model-version="4.0" name="targetOldSyntax" xmlns:rde="http://www.reddot.de/rde/ns">
      <rde:Attribute>
        <rde:name><![CDATA[targetOldSyntax]]></rde:name>
        <rde:childs is-null="true" />
        <rde:values>
          <rde:AttributeValue index="0">
            <rde:stringValue><![CDATA[false]]></rde:stringValue>
          </rde:AttributeValue>
        </rde:values>
      </rde:Attribute>
    </rde-idea:attribute>
    <rde-idea:attribute model-version="4.0" name="targets" xmlns:rde="http://www.reddot.de/rde/ns">
      <rde:Attribute>
        <rde:name><![CDATA[targets]]></rde:name>
        <rde:childs is-null="true" />
        <rde:values>
          <rde:AttributeValue index="0">
            <rde:stringValue><![CDATA[cis-dyndialogue]]></rde:stringValue>
          </rde:AttributeValue>
        </rde:values>
      </rde:Attribute>
    </rde-idea:attribute>
    <rde-idea:attribute model-version="4.0" name="global_includes" xmlns:rde="http://www.reddot.de/rde/ns">
      <rde:Attribute>
        <rde:name><![CDATA[global_includes]]></rde:name>
        <rde:childs>
          <rde:Attribute>
            <rde:name><![CDATA[xsl]]></rde:name>
            <rde:childs is-null="true" />
            <rde:values>
              <rde:AttributeValue index="0">
                <rde:stringValue><![CDATA[]]></rde:stringValue>
              </rde:AttributeValue>
            </rde:values>
          </rde:Attribute>
          <rde:Attribute>
            <rde:name><![CDATA[xsl_root]]></rde:name>
            <rde:childs is-null="true" />
            <rde:values>
              <rde:AttributeValue index="0">
                <rde:stringValue><![CDATA[false]]></rde:stringValue>
              </rde:AttributeValue>
            </rde:values>
          </rde:Attribute>
          <rde:Attribute>
            <rde:name><![CDATA[xml]]></rde:name>
            <rde:childs is-null="true" />
            <rde:values>
              <rde:AttributeValue index="0">
                <rde:stringValue><![CDATA[]]></rde:stringValue>
              </rde:AttributeValue>
            </rde:values>
          </rde:Attribute>
          <rde:Attribute>
            <rde:name><![CDATA[xml_root]]></rde:name>
            <rde:childs is-null="true" />
            <rde:values>
              <rde:AttributeValue index="0">
                <rde:stringValue><![CDATA[false]]></rde:stringValue>
              </rde:AttributeValue>
            </rde:values>
          </rde:Attribute>
          <rde:Attribute>
            <rde:name><![CDATA[html]]></rde:name>
            <rde:childs is-null="true" />
            <rde:values>
              <rde:AttributeValue index="0">
                <rde:stringValue><![CDATA[]]></rde:stringValue>
              </rde:AttributeValue>
            </rde:values>
          </rde:Attribute>
          <rde:Attribute>
            <rde:name><![CDATA[html_root]]></rde:name>
            <rde:childs is-null="true" />
            <rde:values>
              <rde:AttributeValue index="0">
                <rde:stringValue><![CDATA[false]]></rde:stringValue>
              </rde:AttributeValue>
            </rde:values>
          </rde:Attribute>
        </rde:childs>
      </rde:Attribute>
    </rde-idea:attribute>
    <rde-idea:attribute model-version="4.0" name="standard_pages" xmlns:rde="http://www.reddot.de/rde/ns">
      <rde:Attribute>
        <rde:name><![CDATA[standard_pages]]></rde:name>
        <rde:childs is-null="true" />
        <rde:values>
          <rde:AttributeValue index="0">
            <rde:stringValue><![CDATA[cis-dyndialogue]]></rde:stringValue>
          </rde:AttributeValue>
        </rde:values>
      </rde:Attribute>
    </rde-idea:attribute>
    <rde-idea:attribute model-version="4.0" name="cache_configs" xmlns:rde="http://www.reddot.de/rde/ns">
      <rde:Attribute>
        <rde:name><![CDATA[cache_configs]]></rde:name>
        <rde:childs>
          <rde:Attribute>
            <rde:name><![CDATA[item-0]]></rde:name>
            <rde:childs>
              <rde:Attribute>
                <rde:name><![CDATA[url]]></rde:name>
                <rde:childs is-null="true" />
                <rde:values>
                  <rde:AttributeValue index="0">
                    <rde:stringValue><![CDATA[*]]></rde:stringValue>
                  </rde:AttributeValue>
                </rde:values>
              </rde:Attribute>
              <rde:Attribute>
                <rde:name><![CDATA[time]]></rde:name>
                <rde:childs is-null="true" />
                <rde:values>
                  <rde:AttributeValue index="0">
                    <rde:stringValue><![CDATA[60]]></rde:stringValue>
                    <rde:longValue>60</rde:longValue>
                  </rde:AttributeValue>
                </rde:values>
              </rde:Attribute>
              <rde:Attribute>
                <rde:name><![CDATA[seq-order]]></rde:name>
                <rde:childs is-null="true" />
                <rde:values>
                  <rde:AttributeValue index="0">
                    <rde:stringValue><![CDATA[0]]></rde:stringValue>
                  </rde:AttributeValue>
                </rde:values>
              </rde:Attribute>
            </rde:childs>
          </rde:Attribute>
        </rde:childs>
        <rde:values>
          <rde:AttributeValue index="0">
            <rde:stringValue><![CDATA[cis-dyndialogue]]></rde:stringValue>
          </rde:AttributeValue>
        </rde:values>
      </rde:Attribute>
    </rde-idea:attribute>
    <rde-idea:attribute model-version="4.0" name="large_objects" xmlns:rde="http://www.reddot.de/rde/ns">
      <rde:Attribute>
        <rde:name><![CDATA[large_objects]]></rde:name>
        <rde:childs>
          <rde:Attribute>
            <rde:name><![CDATA[blob-cache-maxsize]]></rde:name>
            <rde:childs is-null="true" />
            <rde:values>
              <rde:AttributeValue index="0">
                <rde:stringValue><![CDATA[]]></rde:stringValue>
              </rde:AttributeValue>
            </rde:values>
          </rde:Attribute>
          <rde:Attribute>
            <rde:name><![CDATA[blobs-max-dbconnections]]></rde:name>
            <rde:childs is-null="true" />
            <rde:values>
              <rde:AttributeValue index="0">
                <rde:stringValue><![CDATA[]]></rde:stringValue>
              </rde:AttributeValue>
            </rde:values>
          </rde:Attribute>
          <rde:Attribute>
            <rde:name><![CDATA[blob-max-dbconnections]]></rde:name>
            <rde:childs is-null="true" />
            <rde:values>
              <rde:AttributeValue index="0">
                <rde:stringValue><![CDATA[]]></rde:stringValue>
              </rde:AttributeValue>
            </rde:values>
          </rde:Attribute>
          <rde:Attribute>
            <rde:name><![CDATA[blobs-timeout-dbconnections]]></rde:name>
            <rde:childs is-null="true" />
            <rde:values>
              <rde:AttributeValue index="0">
                <rde:stringValue><![CDATA[]]></rde:stringValue>
              </rde:AttributeValue>
            </rde:values>
          </rde:Attribute>
        </rde:childs>
        <rde:values>
          <rde:AttributeValue index="0">
            <rde:stringValue><![CDATA[cis-subdialogue]]></rde:stringValue>
          </rde:AttributeValue>
        </rde:values>
      </rde:Attribute>
    </rde-idea:attribute>
    <rde-idea:attribute model-version="4.0" name="searchEngineTagStorageProject" xmlns:rde="http://www.reddot.de/rde/ns">
      <rde:Attribute>
        <rde:name><![CDATA[searchEngineTagStorageProject]]></rde:name>
        <rde:childs is-null="true" />
        <rde:values>
          <rde:AttributeValue index="0">
            <rde:stringValue><![CDATA[]]></rde:stringValue>
          </rde:AttributeValue>
        </rde:values>
      </rde:Attribute>
    </rde-idea:attribute>
    <rde-idea:attribute model-version="4.0" name="taggings" xmlns:rde="http://www.reddot.de/rde/ns">
      <rde:Attribute>
        <rde:name><![CDATA[taggings]]></rde:name>
        <rde:childs is-null="true" />
        <rde:values>
          <rde:AttributeValue index="0">
            <rde:stringValue><![CDATA[cis-dyndialogue]]></rde:stringValue>
          </rde:AttributeValue>
        </rde:values>
      </rde:Attribute>
    </rde-idea:attribute>
  </rde-idea:attributes>
</rde-idea:meta>