<?xml version="1.0" encoding="UTF-8"?>

<rde-idea:attribute model-version="4.0" name="dsauth" version="4.0.1" xmlns:fo="http://www.w3.org/1999/XSL/Format" xmlns:rde="http://www.reddot.de/rde/ns" xmlns:rde-dm="http://www.reddot.de/rde/ns/dm" xmlns:rde-fdl="http://www.reddot.de/rde/ns/fdl" xmlns:rde-idea="http://www.reddot.de/rde/ns/idea" xmlns:rde-rd="http://www.reddot.de/2000/rde/rd" xmlns:rde-rdf="http://www.reddot.de/rde/ns/rdf" xmlns:rde-xmaps="http://www.reddot.de/rde/ns/xmaps" xmlns:rdf="http://www.w3.org/TR/REC-rdf-syntax/" xmlns:xsl="http://www.w3.org/1999/XSL/Transform" xmlns:xsl-template="http://www.reddot.de/rde/ns/template">
  <rde:Attribute>
    <rde:name><![CDATA[dsauth]]></rde:name>
    <rde:childs>
      <rde:Attribute>
        <rde:name><![CDATA[ws-service]]></rde:name>
        <rde:childs>
          <rde:Attribute>
            <rde:name><![CDATA[ws-wsdlsoap]]></rde:name>
            <rde:childs>
              <rde:Attribute>
                <rde:name><![CDATA[ws-binding]]></rde:name>
                <rde:childs>
                  <rde:Attribute>
                    <rde:name><![CDATA[ws-transport]]></rde:name>
                    <rde:childs is-null="true" />
                    <rde:values>
                      <rde:AttributeValue index="0">
                        <rde:stringValue><![CDATA[http://schemas.xmlsoap.org/soap/http]]></rde:stringValue>
                      </rde:AttributeValue>
                    </rde:values>
                  </rde:Attribute>
                  <rde:Attribute>
                    <rde:name><![CDATA[ws-style]]></rde:name>
                    <rde:childs is-null="true" />
                    <rde:values>
                      <rde:AttributeValue index="0">
                        <rde:stringValue><![CDATA[rpc]]></rde:stringValue>
                      </rde:AttributeValue>
                    </rde:values>
                  </rde:Attribute>
                </rde:childs>
              </rde:Attribute>
              <rde:Attribute>
                <rde:name><![CDATA[ws-target]]></rde:name>
                <rde:childs>
                  <rde:Attribute>
                    <rde:name><![CDATA[ws-password_2]]></rde:name>
                    <rde:passwordFlag>true</rde:passwordFlag>
                    <rde:childs is-null="true" />
                    <rde:values>
                      <rde:AttributeValue index="0">
                        <rde:stringValue><![CDATA[dsauth]]></rde:stringValue>
                      </rde:AttributeValue>
                    </rde:values>
                  </rde:Attribute>
                  <rde:Attribute>
                    <rde:name><![CDATA[ws-password]]></rde:name>
                    <rde:passwordFlag>true</rde:passwordFlag>
                    <rde:childs is-null="true" />
                    <rde:values>
                      <rde:AttributeValue index="0">
                        <rde:stringValue><![CDATA[dsauth]]></rde:stringValue>
                      </rde:AttributeValue>
                    </rde:values>
                  </rde:Attribute>
                  <rde:Attribute>
                    <rde:name><![CDATA[ws-user]]></rde:name>
                    <rde:childs is-null="true" />
                    <rde:values>
                      <rde:AttributeValue index="0">
                        <rde:stringValue><![CDATA[dsauth]]></rde:stringValue>
                      </rde:AttributeValue>
                    </rde:values>
                  </rde:Attribute>
                  <rde:Attribute>
                    <rde:name><![CDATA[ws-url]]></rde:name>
                    <rde:childs is-null="true" />
                    <rde:values>
                      <rde:AttributeValue index="0">
                        <rde:stringValue><![CDATA[http://localhost:8080/cps/services/Authenticate]]></rde:stringValue>
                      </rde:AttributeValue>
                    </rde:values>
                  </rde:Attribute>
                </rde:childs>
              </rde:Attribute>
            </rde:childs>
          </rde:Attribute>
          <rde:Attribute>
            <rde:name><![CDATA[ws-porttype]]></rde:name>
            <rde:childs is-null="true" />
            <rde:values>
              <rde:AttributeValue index="0">
                <rde:stringValue><![CDATA[wsdlsoap]]></rde:stringValue>
              </rde:AttributeValue>
            </rde:values>
          </rde:Attribute>
          <rde:Attribute>
            <rde:name><![CDATA[ws-name]]></rde:name>
            <rde:childs is-null="true" />
            <rde:values>
              <rde:AttributeValue index="0">
                <rde:stringValue><![CDATA[{services:Authenticate}AuthenticateService]]></rde:stringValue>
              </rde:AttributeValue>
            </rde:values>
          </rde:Attribute>
          <rde:Attribute>
            <rde:name><![CDATA[ws-portname]]></rde:name>
            <rde:childs is-null="true" />
            <rde:values>
              <rde:AttributeValue index="0">
                <rde:stringValue><![CDATA[Authenticate]]></rde:stringValue>
              </rde:AttributeValue>
            </rde:values>
          </rde:Attribute>
        </rde:childs>
      </rde:Attribute>
      <rde:Attribute>
        <rde:name><![CDATA[ws-timeout]]></rde:name>
        <rde:childs is-null="true" />
        <rde:values>
          <rde:AttributeValue index="0">
            <rde:stringValue><![CDATA[10]]></rde:stringValue>
            <rde:longValue>10</rde:longValue>
          </rde:AttributeValue>
        </rde:values>
      </rde:Attribute>
      <rde:Attribute>
        <rde:name><![CDATA[ws-wsdl]]></rde:name>
        <rde:childs>
          <rde:Attribute>
            <rde:name><![CDATA[ws-user]]></rde:name>
            <rde:childs is-null="true" />
            <rde:values>
              <rde:AttributeValue index="0">
                <rde:stringValue><![CDATA[dsauth]]></rde:stringValue>
              </rde:AttributeValue>
            </rde:values>
          </rde:Attribute>
          <rde:Attribute>
            <rde:name><![CDATA[ws-url]]></rde:name>
            <rde:childs is-null="true" />
            <rde:values>
              <rde:AttributeValue index="0">
                <rde:stringValue><![CDATA[http://localhost:8080/cps/services/Authenticate?wsdl]]></rde:stringValue>
              </rde:AttributeValue>
            </rde:values>
          </rde:Attribute>
          <rde:Attribute>
            <rde:name><![CDATA[ws-password_2]]></rde:name>
            <rde:passwordFlag>true</rde:passwordFlag>
            <rde:childs is-null="true" />
            <rde:values>
              <rde:AttributeValue index="0">
                <rde:stringValue><![CDATA[dsauth]]></rde:stringValue>
              </rde:AttributeValue>
            </rde:values>
          </rde:Attribute>
          <rde:Attribute>
            <rde:name><![CDATA[ws-password]]></rde:name>
            <rde:passwordFlag>true</rde:passwordFlag>
            <rde:childs is-null="true" />
            <rde:values>
              <rde:AttributeValue index="0">
                <rde:stringValue><![CDATA[dsauth]]></rde:stringValue>
              </rde:AttributeValue>
            </rde:values>
          </rde:Attribute>
        </rde:childs>
      </rde:Attribute>
      <rde:Attribute>
        <rde:name><![CDATA[ws-active]]></rde:name>
        <rde:childs is-null="true" />
        <rde:values>
          <rde:AttributeValue index="0">
            <rde:stringValue><![CDATA[true]]></rde:stringValue>
          </rde:AttributeValue>
        </rde:values>
      </rde:Attribute>
      <rde:Attribute>
        <rde:name><![CDATA[description]]></rde:name>
        <rde:childs is-null="true" />
        <rde:values>
          <rde:AttributeValue index="0">
            <rde:stringValue><![CDATA[]]></rde:stringValue>
          </rde:AttributeValue>
        </rde:values>
      </rde:Attribute>
      <rde:Attribute>
        <rde:name><![CDATA[ws-namespaces]]></rde:name>
        <rde:childs>
          <rde:Attribute>
            <rde:name><![CDATA[wsdl-ns]]></rde:name>
            <rde:childs is-null="true" />
            <rde:values>
              <rde:AttributeValue index="0">
                <rde:stringValue><![CDATA[tns1 = http://webservice.reddot.de
soapenc = http://schemas.xmlsoap.org/soap/encoding/
tns2 = http://authenticate.webservice.reddot.de
soapenv = http://schemas.xmlsoap.org/soap/envelope/
impl = services:Authenticate
apachesoap = http://xml.apache.org/xml-soap
wsdl = http://schemas.xmlsoap.org/wsdl/
xsd = http://www.w3.org/2001/XMLSchema
wsdlsoap = http://schemas.xmlsoap.org/wsdl/soap/
intf = services:Authenticate]]></rde:stringValue>
              </rde:AttributeValue>
            </rde:values>
          </rde:Attribute>
          <rde:Attribute>
            <rde:name><![CDATA[user-ns]]></rde:name>
            <rde:childs is-null="true" />
            <rde:values>
              <rde:AttributeValue index="0">
                <rde:stringValue><![CDATA[cis-dyndialogue]]></rde:stringValue>
              </rde:AttributeValue>
            </rde:values>
          </rde:Attribute>
        </rde:childs>
      </rde:Attribute>
      <rde:Attribute>
        <rde:name><![CDATA[ws-oplist]]></rde:name>
        <rde:childs is-null="true" />
        <rde:values>
          <rde:AttributeValue index="0">
            <rde:stringValue><![CDATA[cis-dyndialogue]]></rde:stringValue>
          </rde:AttributeValue>
        </rde:values>
      </rde:Attribute>
      <rde:Attribute>
        <rde:name><![CDATA[ws-att-encap-format]]></rde:name>
        <rde:childs is-null="true" />
        <rde:values>
          <rde:AttributeValue index="0">
            <rde:stringValue><![CDATA[dime]]></rde:stringValue>
          </rde:AttributeValue>
        </rde:values>
      </rde:Attribute>
      <rde:Attribute>
        <rde:name><![CDATA[ws-prepEnvelopes]]></rde:name>
        <rde:childs>
          <rde:Attribute>
            <rde:name><![CDATA[item-0]]></rde:name>
            <rde:childs>
              <rde:Attribute>
                <rde:name><![CDATA[seq-order]]></rde:name>
                <rde:childs is-null="true" />
                <rde:values>
                  <rde:AttributeValue index="0">
                    <rde:stringValue><![CDATA[0]]></rde:stringValue>
                  </rde:AttributeValue>
                </rde:values>
              </rde:Attribute>
              <rde:Attribute>
                <rde:name><![CDATA[ws-name]]></rde:name>
                <rde:childs is-null="true" />
                <rde:values>
                  <rde:AttributeValue index="0">
                    <rde:stringValue><![CDATA[version]]></rde:stringValue>
                  </rde:AttributeValue>
                </rde:values>
              </rde:Attribute>
              <rde:Attribute>
                <rde:name><![CDATA[ws-method]]></rde:name>
                <rde:childs is-null="true" />
                <rde:values>
                  <rde:AttributeValue index="0">
                    <rde:stringValue><![CDATA[getServiceVersion(  )]]></rde:stringValue>
                  </rde:AttributeValue>
                </rde:values>
              </rde:Attribute>
              <rde:Attribute>
                <rde:name><![CDATA[ws-envelope]]></rde:name>
                <rde:childs is-null="true" />
                <rde:values>
                  <rde:AttributeValue index="0">
                    <rde:stringValue><![CDATA[<!-- SOAP-Envelope:getServiceVersion(  ) -->
<soapenv:Envelope xmlns:soapenv="http://schemas.xmlsoap.org/soap/envelope/" xmlns:xsd="http://www.w3.org/2001/XMLSchema" xmlns:xsi="http://www.w3.org/2001/XMLSchema-instance">
 <soapenv:Body>version please
  <ns1:getServiceVersion soapenv:encodingStyle="http://schemas.xmlsoap.org/soap/encoding/" xmlns:ns1="services:Authenticate"/>
 </soapenv:Body>
</soapenv:Envelope>]]></rde:stringValue>
                  </rde:AttributeValue>
                </rde:values>
              </rde:Attribute>
            </rde:childs>
          </rde:Attribute>
        </rde:childs>
        <rde:values>
          <rde:AttributeValue index="0">
            <rde:stringValue><![CDATA[cis-dyndialogue]]></rde:stringValue>
          </rde:AttributeValue>
        </rde:values>
      </rde:Attribute>
      <rde:Attribute>
        <rde:name><![CDATA[ws-reflections]]></rde:name>
        <rde:childs is-null="true" />
        <rde:values>
          <rde:AttributeValue index="0">
            <rde:stringValue><![CDATA[cis-dyndialogue]]></rde:stringValue>
          </rde:AttributeValue>
        </rde:values>
      </rde:Attribute>
    </rde:childs>
    <rde:parent>
      <rde:Attribute>
        <rde:name><![CDATA[webservices]]></rde:name>
        <rde:parent>
          <rde:Attribute>
            <rde:name><![CDATA[idea]]></rde:name>
            <rde:parent>
              <rde:Attribute>
                <rde:name><![CDATA[reddot]]></rde:name>
                <rde:parent>
                  <rde:Attribute>
                    <rde:name><![CDATA[]]></rde:name>
                  </rde:Attribute>
                </rde:parent>
              </rde:Attribute>
            </rde:parent>
          </rde:Attribute>
        </rde:parent>
      </rde:Attribute>
    </rde:parent>
  </rde:Attribute>
</rde-idea:attribute>